14.968831062316895
12.58231258392334
20.31954574584961
14.2275390625
28.877281188964844
19.00275230407715
13.454578399658203
13.73649787902832
13.214146614074707
13.839105606079102
12.14122486114502
13.48536205291748
12.695480346679688
11.537561416625977
13.085402488708496
14.136129379272461
11.10915756225586
15.360015869140625
14.658294677734375
13.243278503417969
28.415836334228516
16.971345901489258
39.641300201416016
14.247264862060547
19.715492248535156
24.915451049804688
18.107425689697266
21.087188720703125
27.227035522460938
10.937091827392578
20.32803726196289
12.901029586791992
11.139911651611328
17.277137756347656
30.43604278564453
41.15740203857422
14.758228302001953
21.140195846557617
12.01297378540039
12.134903907775879
12.232257843017578
25.746885299682617
13.093117713928223
16.113618850708008
22.85264015197754
14.935787200927734
16.6199951171875
63.27707290649414
12.35720157623291
60.384971618652344
32.64537811279297
13.586824417114258
24.130226135253906
12.112895965576172
12.944087982177734
10.607950210571289
12.267318725585938
11.667740821838379
10.72884750366211
11.472349166870117
24.92205810546875
11.11298942565918
12.165054321289062
13.04841423034668
13.756868362426758
14.360918045043945
15.001298904418945
13.074530601501465
13.373702049255371
24.054996490478516
28.01827049255371
13.28222942352295
20.714698791503906
11.01957893371582
34.72121047973633
17.785625457763672
30.30489158630371
59.40190124511719
22.92047882080078
27.166337966918945
17.378738403320312
28.0618839263916
30.70170783996582
32.091190338134766
27.346925735473633
44.54501724243164
41.705238342285156
25.985950469970703
14.044557571411133
11.685239791870117
15.9622220993042
15.253079414367676
35.648948669433594
21.65485191345215
23.24575424194336
21.114154815673828
32.64206314086914
66.68939971923828
20.981224060058594
42.73603820800781
32.32497024536133
37.81914520263672
13.870172500610352
14.13559341430664
50.7797737121582
13.441951751708984
16.593059539794922
16.861801147460938
27.908496856689453
18.896785736083984
13.626513481140137
15.946504592895508
10.639992713928223
10.361837387084961
12.673709869384766
10.226633071899414
11.350617408752441
10.876197814941406
12.793806076049805
14.027292251586914
11.48216724395752
24.10110855102539
20.07357406616211
12.234053611755371
14.582010269165039
22.437984466552734
19.937000274658203
17.200998306274414
13.873159408569336
10.400732040405273
17.413209915161133
13.77983283996582
21.01753807067871
15.355154991149902
29.834510803222656
38.760345458984375
17.789031982421875
37.79470443725586
27.981721878051758
17.048274993896484
46.999786376953125
12.677907943725586
11.872398376464844
11.695086479187012
13.839255332946777
11.117655754089355
12.143821716308594
21.75360870361328
27.6578369140625
11.186408042907715
11.202136993408203
11.215737342834473
12.536175727844238
57.204498291015625
60.5848388671875
77.363525390625
26.81661605834961
49.965267181396484
54.793617248535156
36.54561996459961
28.871055603027344
23.479564666748047
51.865325927734375
36.470741271972656
52.674373626708984
33.28742599487305
42.76720428466797
49.989437103271484
25.903423309326172
27.518611907958984
39.50669479370117
14.169156074523926
13.10468864440918
24.904293060302734
16.03816032409668
14.200733184814453
17.496341705322266
11.726934432983398
11.936019897460938
10.458309173583984
19.572296142578125
16.793106079101562
17.038318634033203
14.192962646484375
15.417943954467773
12.239744186401367
13.819785118103027
16.404281616210938
16.728397369384766
18.619647979736328
11.107650756835938
16.869321823120117
19.591068267822266
27.130149841308594
19.937891006469727
16.578048706054688
21.82807159423828
31.924758911132812
44.75310516357422
24.891340255737305
14.483297348022461
17.110111236572266
17.04096031188965
27.42559814453125
21.137592315673828
15.641960144042969
21.124393463134766
15.405872344970703
22.621627807617188
43.65776443481445
11.92738151550293
12.659208297729492
17.0006160736084
12.221288681030273
13.215511322021484
17.40241813659668
16.510757446289062
14.548938751220703
48.250789642333984
19.23634147644043
11.181655883789062
13.197830200195312
11.729063034057617
21.715435028076172
30.62639617919922
12.075357437133789
17.624549865722656
29.16428565979004
15.635639190673828
43.46043014526367
43.2640495300293
21.90780258178711
31.41649627685547
31.132417678833008
52.579437255859375
28.54360580444336
16.9232120513916
17.890954971313477
16.08767318725586
11.687514305114746
12.402385711669922
17.524688720703125
13.203868865966797
23.07685089111328
38.984745025634766
26.681373596191406
26.10089111328125
10.548344612121582
34.50243377685547
16.120651245117188
11.602029800415039
12.289867401123047
12.399728775024414
17.70195960998535
14.64280891418457
12.184934616088867
38.39838790893555
25.866790771484375
39.9217414855957
41.505245208740234
33.66154479980469
43.90514373779297
48.9094352722168
10.7138671875
21.553882598876953
11.382186889648438
14.832611083984375
24.432880401611328
17.624725341796875
35.25046920776367
23.331268310546875
31.727293014526367
29.524709701538086
47.48451614379883
46.565250396728516
14.343978881835938
12.301666259765625
14.322626113891602
11.136053085327148
14.379196166992188
11.432518005371094
11.935218811035156
12.155981063842773
12.94780445098877
21.310752868652344
16.447568893432617
12.598644256591797
16.991859436035156
14.833930015563965
18.449138641357422
36.744998931884766
38.82511901855469
15.45632553100586
33.476951599121094
13.829910278320312
17.203624725341797
43.029380798339844
20.562387466430664
37.388763427734375
12.935115814208984
24.341222763061523
22.605628967285156
65.80339813232422
73.4017333984375
11.371419906616211
17.56357192993164
11.381861686706543
50.463951110839844
17.816028594970703
14.659584045410156
28.249019622802734
10.682748794555664
55.329063415527344
10.24749755859375
14.921201705932617
59.51749038696289
59.51749038696289
29.73558807373047
21.420896530151367
23.683940887451172
11.321449279785156
11.321449279785156
38.657073974609375
18.355087280273438
25.863739013671875
18.22575569152832
61.30650329589844
18.582805633544922
19.734800338745117
50.03843307495117
37.220829010009766
53.98880386352539
17.886171340942383
24.65732192993164
24.65732192993164
58.926753997802734
66.27969360351562
13.865196228027344
24.581518173217773
24.581518173217773
12.835676193237305
12.835676193237305
12.420526504516602
19.583385467529297
28.29877281188965
13.405631065368652
16.43217658996582
21.295665740966797
16.748592376708984
25.659709930419922
57.861961364746094
20.23187255859375
39.049198150634766
44.42649459838867
14.633987426757812
18.127120971679688
18.625141143798828
31.286396026611328
28.920352935791016
11.814676284790039
11.134881019592285
14.13380241394043
76.5842056274414
49.92972946166992
20.224369049072266
22.38268280029297
35.233055114746094
12.98973560333252
13.875444412231445
21.685495376586914
16.4449405670166
53.96853256225586
26.525970458984375
23.582271575927734
10.701275825500488
13.68001937866211
13.68001937866211
13.68001937866211
41.41197204589844
20.834938049316406
15.722551345825195
15.722551345825195
48.621490478515625
59.1512451171875
21.399887084960938
21.399887084960938
13.448890686035156
33.243370056152344
14.130571365356445
16.54124641418457
43.40131759643555
28.24480438232422
17.440563201904297
16.604772567749023
47.219573974609375
20.509477615356445
25.701765060424805
27.719371795654297
16.349742889404297
19.313373565673828
19.88382339477539
19.88382339477539
22.124553680419922
20.108470916748047
48.683895111083984
15.449614524841309
27.752525329589844
19.692367553710938
11.547780990600586
25.37702751159668
11.08154296875
51.393226623535156
19.854053497314453
19.854053497314453
19.854053497314453
19.854053497314453
12.709888458251953
12.709888458251953
12.866543769836426
25.87765121459961
37.628700256347656
12.332466125488281
10.990442276000977
13.45962905883789
13.888729095458984
15.733399391174316
25.922929763793945
17.895526885986328
22.575551986694336
21.16299057006836
23.355283737182617
11.885002136230469
31.0131893157959
14.357593536376953
11.50752067565918
48.27748107910156
28.15911865234375
19.158573150634766
19.328628540039062
27.50592041015625
11.452966690063477
16.94914436340332
11.886106491088867
15.090120315551758
11.208325386047363
23.62508201599121
23.256046295166016
12.044672012329102
26.861480712890625
28.441104888916016
18.184289932250977
16.121702194213867
40.9227409362793
17.352005004882812
24.903919219970703
26.194068908691406
11.298826217651367
39.02785110473633
17.746280670166016
21.695575714111328
11.821690559387207
11.770218849182129
41.88759231567383
17.421098709106445
64.34593963623047
26.17406463623047
13.653047561645508
13.30537223815918
20.3552188873291
18.335752487182617
15.415142059326172
14.917234420776367
36.59186935424805
12.093339920043945
32.72531509399414
19.48101043701172
16.71163558959961
13.377007484436035
25.709747314453125
24.682281494140625
21.078224182128906
17.298255920410156
36.499481201171875
37.750980377197266
16.994159698486328
35.65886688232422
37.072410583496094
13.511960983276367
45.680904388427734
49.381832122802734
10.37176513671875
10.779779434204102
19.612722396850586
19.76714324951172
25.072824478149414
17.103240966796875
40.99732208251953
11.128185272216797
35.175479888916016
11.404637336730957
59.59564971923828
12.322622299194336
20.640718460083008
24.534751892089844
29.68667984008789
21.560714721679688
12.486068725585938
12.486068725585938
24.25151824951172
13.691793441772461
15.008133888244629
25.482177734375
13.135421752929688
13.135421752929688
31.555774688720703
23.126354217529297
18.145122528076172
17.373483657836914
15.774580955505371
59.112762451171875
46.30217742919922
46.30217742919922
30.353763580322266
11.61569595336914
44.514625549316406
70.60839080810547
10.937569618225098
46.20488739013672
13.903907775878906
13.903907775878906
22.39601707458496
26.73120880126953
22.054746627807617
23.174861907958984
51.23236083984375
30.455839157104492
20.431293487548828
14.71249771118164
11.982243537902832
10.931578636169434
10.794867515563965
16.190261840820312
10.944914817810059
37.420631408691406
37.420631408691406
12.56792163848877
44.08787155151367
20.332738876342773
15.84860610961914
15.84860610961914
10.732738494873047
34.78765869140625
28.687036514282227
12.706147193908691
13.804162979125977
21.345561981201172
15.518411636352539
15.828756332397461
21.384563446044922
10.865815162658691
43.752254486083984
30.708885192871094
18.008249282836914
28.685222625732422
49.6594123840332
12.447057723999023
17.857711791992188
68.9175796508789
61.71282196044922
61.71282196044922
61.71282196044922
14.650842666625977
13.175552368164062
10.881241798400879
25.490995407104492
23.744354248046875
15.27920913696289
16.086814880371094
15.514702796936035
13.682400703430176
23.220970153808594
22.562576293945312
36.175926208496094
32.863197326660156
20.150299072265625
23.856521606445312
14.942869186401367
12.233832359313965
19.194801330566406
22.221569061279297
19.96175765991211
15.505013465881348
59.05699157714844
43.58590316772461
16.293785095214844
24.950695037841797
24.950695037841797
24.950695037841797
14.137030601501465
15.667508125305176
16.236099243164062
13.934314727783203
20.73491668701172
20.73491668701172
15.389277458190918
17.082883834838867
15.50041675567627
13.670703887939453
36.00666809082031
12.090526580810547
25.37196159362793
11.351523399353027
11.351523399353027
12.417084693908691
13.113213539123535
13.113213539123535
35.118316650390625
25.55820083618164
33.705894470214844
24.411514282226562
35.95810317993164
16.24286651611328
16.24286651611328
16.24286651611328
16.24286651611328
22.813709259033203
24.898399353027344
24.898399353027344
73.55818176269531
20.201305389404297
11.352418899536133
53.78560256958008
13.839531898498535
19.348651885986328
33.114234924316406
12.9755859375
35.16352844238281
27.8789119720459
12.912991523742676
16.104503631591797
28.511646270751953
15.640621185302734
14.349721908569336
42.106719970703125
19.545684814453125
23.434337615966797
35.42953109741211
35.42953109741211
17.514568328857422
28.341384887695312
14.255982398986816
14.255982398986816
14.059165000915527
10.26771068572998
19.875152587890625
47.032161712646484
22.132192611694336
13.54747200012207
12.00328540802002
10.852975845336914
12.110921859741211
21.680126190185547
11.33350944519043
21.6495361328125
39.31663513183594
39.31663513183594
26.803701400756836
35.19196701049805
10.823395729064941
25.611125946044922
21.435619354248047
18.293975830078125
22.78715705871582
19.311256408691406
33.888553619384766
10.236783027648926
14.681711196899414
25.591508865356445
13.869213104248047
41.66680145263672
11.43265151977539
12.658933639526367
55.66728973388672
14.106430053710938
22.214725494384766
19.731185913085938
18.063312530517578
47.22258758544922
18.46335792541504
37.988616943359375
16.603038787841797
50.478485107421875
18.290374755859375
21.515655517578125
21.75050926208496
14.038415908813477
25.459449768066406
25.459449768066406
17.833324432373047
19.39665985107422
29.62994384765625
29.62994384765625
31.20740509033203
17.757774353027344
23.03933334350586
46.51614761352539
10.366677284240723
25.559886932373047
21.746089935302734
30.54843521118164
35.72637176513672
46.12108612060547
10.691938400268555
11.39932918548584
11.411026000976562
11.507491111755371
26.897907257080078
26.897907257080078
22.865026473999023
40.00692367553711
64.6043930053711
62.59286117553711
28.43358612060547
30.862667083740234
14.130029678344727
29.682689666748047
20.141483306884766
12.920793533325195
12.920793533325195
11.250425338745117
23.212326049804688
23.644113540649414
57.800941467285156
57.800941467285156
23.665115356445312
19.79993438720703
16.473356246948242
15.310596466064453
32.258426666259766
30.255733489990234
66.3162612915039
49.91090393066406
31.413631439208984
23.671730041503906
23.671730041503906
15.219795227050781
27.54131317138672
38.63249588012695
13.148929595947266
74.00102233886719
12.230206489562988
29.636871337890625
13.106489181518555
36.320884704589844
12.365289688110352
12.947075843811035
36.22608947753906
19.010684967041016
15.950042724609375
13.731005668640137
13.731005668640137
16.289979934692383
14.361916542053223
51.19325637817383
24.77965545654297
12.698433876037598
30.017040252685547
14.181852340698242
14.181852340698242
11.666337966918945
21.02835464477539
16.67987060546875
13.005245208740234
13.130632400512695
31.339736938476562
15.041313171386719
27.584829330444336
27.584829330444336
16.03769302368164
33.00204086303711
11.803483963012695
25.03719711303711
22.71697235107422
43.6837272644043
35.462284088134766
12.214669227600098
24.196979522705078
17.5905704498291
17.89139747619629
33.87578582763672
18.855188369750977
12.953634262084961
18.634906768798828
36.929595947265625
20.604053497314453
25.5440673828125
30.45743179321289
19.961284637451172
46.091732025146484
27.68752670288086
15.683002471923828
16.385475158691406
13.156253814697266
35.17121887207031
35.17121887207031
62.15548324584961
17.024776458740234
25.81549072265625
43.462188720703125
36.33338928222656
44.130882263183594
11.663958549499512
17.395423889160156
17.4813175201416
64.39466857910156
14.890703201293945
14.629714965820312
14.629714965820312
23.595911026000977
23.35015869140625
17.873844146728516
38.63912582397461
16.624679565429688
35.308631896972656
13.5478515625
12.94921875
36.08003234863281
36.08003234863281
64.97327423095703
64.97327423095703
24.02836799621582
14.363729476928711
20.312744140625
14.9619140625
28.9962215423584
32.453590393066406
10.480634689331055
14.400110244750977
19.05547332763672
12.539773941040039
42.796756744384766
56.43428039550781
72.95277404785156
21.28833770751953
12.383275985717773
24.983272552490234
24.983272552490234
32.52426528930664
18.58440399169922
42.990318298339844
10.499063491821289
12.90792465209961
24.745038986206055
22.636444091796875
11.407281875610352
13.915494918823242
54.65871810913086
39.49014663696289
29.332366943359375
26.807470321655273
18.206451416015625
60.7110481262207
60.7110481262207
46.200401306152344
70.93789672851562
23.190940856933594
23.190940856933594
23.190940856933594
23.190940856933594
23.190940856933594
23.190940856933594
23.190940856933594
23.190940856933594
33.76553726196289
13.68236255645752
22.517852783203125
14.241230010986328
26.639293670654297
36.428367614746094
36.428367614746094
13.902321815490723
11.384069442749023
18.98777198791504
20.111072540283203
11.94870662689209
36.67518615722656
21.799043655395508
22.25930404663086
13.819665908813477
27.47227668762207
13.607270240783691
41.69286346435547
15.204658508300781
39.506587982177734
24.690155029296875
21.55622673034668
28.287126541137695
29.638748168945312
40.594696044921875
49.56480026245117
28.012712478637695
22.235774993896484
14.998188972473145
17.209163665771484
38.1385383605957
47.43745422363281
17.67896270751953
29.326444625854492
21.222698211669922
17.316268920898438
29.084609985351562
47.82148361206055
31.136001586914062
35.46609878540039
10.245534896850586
28.187536239624023
18.802858352661133
21.024904251098633
14.927474975585938
67.6429672241211
23.610130310058594
19.86524772644043
22.564556121826172
20.959293365478516
18.773242950439453
10.37446403503418
19.00579833984375
26.1083984375
10.400130271911621
13.497371673583984
49.34944152832031
14.722246170043945
11.397557258605957
12.554669380187988
18.431978225708008
25.493560791015625
14.458273887634277
24.27713394165039
34.53650665283203
34.53650665283203
17.083406448364258
17.083406448364258
23.481918334960938
25.476224899291992
25.476224899291992
25.983837127685547
52.57756423950195
52.57756423950195
52.57756423950195
21.478099822998047
36.86284255981445
36.19123077392578
76.40819549560547
11.995901107788086
21.481460571289062
46.021080017089844
45.46275329589844
45.46275329589844
37.80870056152344
37.80870056152344
43.263526916503906
22.172908782958984
12.633909225463867
24.15304183959961
26.794124603271484
21.217731475830078
14.297872543334961
11.127893447875977
11.66363525390625
11.83229923248291
13.550193786621094
19.757972717285156
24.84534454345703
11.394659996032715
33.18315887451172
14.920833587646484
25.569576263427734
53.04154968261719
46.08074188232422
25.489580154418945
16.227371215820312
15.23021411895752
12.9634370803833
16.140108108520508
56.282894134521484
57.88841247558594
57.88841247558594
32.362266540527344
28.794923782348633
22.9354305267334
17.24280548095703
14.638046264648438
15.704658508300781
13.198493957519531
17.960208892822266
17.960208892822266
17.960208892822266
28.94842529296875
20.691991806030273
27.68744659423828
27.68744659423828
11.653999328613281
15.809289932250977
12.259221076965332
25.942895889282227
42.653167724609375
28.568622589111328
29.149860382080078
77.56777954101562
14.66873550415039
11.023131370544434
26.00699234008789
17.176414489746094
17.176414489746094
14.027503967285156
13.902798652648926
45.32918167114258
28.228116989135742
11.05385971069336
61.32480239868164
74.37568664550781
19.098007202148438
23.464563369750977
13.45973014831543
11.304163932800293
18.839725494384766
25.08837890625
45.50224304199219
17.47844696044922
13.510631561279297
25.27197265625
22.94839859008789
12.431649208068848
26.135372161865234
19.65753936767578
17.478273391723633
32.39824676513672
32.39824676513672
10.689905166625977
21.868927001953125
25.319122314453125
63.441612243652344
40.488712310791016
31.757265090942383
30.625234603881836
28.678680419921875
12.981267929077148
23.609474182128906
14.919082641601562
20.236682891845703
15.64680290222168
38.47209548950195
75.61565399169922
13.857218742370605
58.25470733642578
14.547727584838867
62.72629928588867
10.390368461608887
10.390368461608887
57.1934700012207
16.134366989135742
66.31118774414062
44.72077560424805
39.17290115356445
39.17290115356445
12.101242065429688
35.79032897949219
35.79032897949219
21.433555603027344
11.870290756225586
27.641265869140625
15.851923942565918
13.692562103271484
13.957813262939453
70.30374145507812
27.38739776611328
22.784360885620117
28.445449829101562
11.229209899902344
13.36932373046875
17.074247360229492
34.25298309326172
13.191764831542969
33.346832275390625
54.255496978759766
45.93299865722656
21.36309814453125
25.18358039855957
13.319683074951172
26.089427947998047
31.989543914794922
26.128467559814453
10.668200492858887
10.668200492858887
12.083207130432129
12.083207130432129
19.193883895874023
19.193883895874023
16.662569046020508
36.41489791870117
36.41489791870117
23.271772384643555
18.509098052978516
45.45104217529297
18.60059928894043
38.05012512207031
10.503067970275879
10.503067970275879
12.921253204345703
52.46467590332031
17.29376983642578
19.94759750366211
24.582557678222656
16.346309661865234
12.421883583068848
16.887779235839844
25.687137603759766
32.48460006713867
21.964378356933594
14.09261703491211
12.792167663574219
22.57537269592285
17.178138732910156
12.498583793640137
48.45848846435547
27.875308990478516
25.086931228637695
23.80965232849121
12.507852554321289
11.566792488098145
47.64541244506836
22.88621711730957
26.804834365844727
26.393861770629883
20.0411434173584
18.361488342285156
12.016080856323242
12.016080856323242
27.180614471435547
19.014711380004883
13.681640625
12.703864097595215
25.41759490966797
17.03762435913086
13.681478500366211
16.897241592407227
15.529960632324219
17.140560150146484
10.637503623962402
39.604339599609375
18.148090362548828
26.560874938964844
10.502842903137207
18.96028709411621
13.819687843322754
24.001670837402344
22.351158142089844
28.4023494720459
28.4023494720459
15.823586463928223
11.485785484313965
25.55154800415039
22.14810562133789
13.232888221740723
22.801544189453125
25.698148727416992
12.33126449584961
15.034259796142578
30.157066345214844
39.3807487487793
17.939985275268555
25.196044921875
25.51938247680664
25.51938247680664
13.479551315307617
32.382259368896484
19.661396026611328
16.219432830810547
27.2489013671875
12.03270435333252
15.168546676635742
15.168546676635742
17.01274299621582
25.78095817565918
11.985968589782715
12.945141792297363
15.008780479431152
13.072966575622559
19.940380096435547
15.837446212768555
17.130029678344727
15.20854377746582
15.606735229492188
12.144667625427246
36.74934768676758
25.144245147705078
23.307716369628906
23.307716369628906
17.103347778320312
11.485475540161133
10.992839813232422
11.869763374328613
20.804141998291016
13.056838989257812
11.131600379943848
11.131600379943848
15.575141906738281
73.5447769165039
40.36101531982422
23.297409057617188
15.225866317749023
32.3624267578125
11.551591873168945
15.109861373901367
15.109861373901367
14.102575302124023
41.792457580566406
10.624250411987305
32.29800033569336
17.38672637939453
15.823652267456055
30.354259490966797
22.56909942626953
24.173797607421875
66.04963684082031
12.665552139282227
19.298404693603516
14.969439506530762
31.22115707397461
36.980865478515625
31.806018829345703
17.600814819335938
17.600814819335938
23.285316467285156
16.524675369262695
54.7560920715332
23.560441970825195
11.076835632324219
32.70427322387695
12.94607162475586
26.03732681274414
44.8251953125
11.798078536987305
30.810256958007812
15.292957305908203
15.727365493774414
40.14187240600586
32.23295974731445
10.850532531738281
37.0550651550293
26.217967987060547
33.51917266845703
15.21883773803711
12.415071487426758
89.75715637207031
17.11209487915039
16.701353073120117
14.171895980834961
12.356039047241211
10.963966369628906
38.29615020751953
20.27918815612793
22.348907470703125
23.85071563720703
23.113969802856445
14.127311706542969
21.58411407470703
12.437694549560547
15.451738357543945
17.92586898803711
10.443854331970215
21.54304313659668
54.41832733154297
54.41832733154297
53.217559814453125
53.71734619140625
12.391446113586426
31.45596694946289
87.17884826660156
23.88909912109375
16.652841567993164
21.792728424072266
18.441360473632812
56.563934326171875
56.563934326171875
13.519659042358398
25.007488250732422
37.755859375
16.0446834564209
12.271127700805664
12.271127700805664
24.982952117919922
19.542030334472656
41.190155029296875
21.2666072845459
13.989583015441895
15.378787994384766
22.225187301635742
22.225187301635742
12.840591430664062
13.501484870910645
26.297504425048828
17.416790008544922
72.30447387695312
22.510828018188477
23.660953521728516
10.731905937194824
28.50214385986328
29.200946807861328
29.200946807861328
32.46720886230469
38.283634185791016
26.513689041137695
11.006781578063965
11.177752494812012
11.177752494812012
11.177752494812012
13.176543235778809
13.330259323120117
27.27826499938965
16.902801513671875
13.761834144592285
36.18857192993164
36.18857192993164
12.833478927612305
35.274051666259766
35.274051666259766
44.546627044677734
11.372611999511719
18.392677307128906
52.962249755859375
15.461370468139648
15.419466018676758
14.879838943481445
28.11791229248047
28.830276489257812
28.830276489257812
55.84980392456055
32.228763580322266
15.727310180664062
24.801639556884766
20.3541259765625
20.3541259765625
82.3059310913086
38.44963836669922
31.00161361694336
31.00161361694336
36.98683166503906
36.98683166503906
10.991305351257324
48.598228454589844
17.958572387695312
18.159534454345703
21.931941986083984
18.400569915771484
20.820594787597656
17.372344970703125
17.372344970703125
14.044958114624023
14.044958114624023
34.52204895019531
20.133407592773438
11.821246147155762
13.891197204589844
13.891197204589844
17.246862411499023
50.12300109863281
43.935646057128906
27.530977249145508
13.374364852905273
20.729419708251953
16.001811981201172
16.001811981201172
24.519962310791016
16.663572311401367
38.216896057128906
54.99802017211914
54.99802017211914
28.560596466064453
29.801380157470703
14.102867126464844
74.67817687988281
27.351930618286133
49.92439651489258
27.93093490600586
44.60319519042969
65.4993896484375
71.22433471679688
12.012642860412598
13.690654754638672
13.576112747192383
12.822447776794434
38.470130920410156
19.09827423095703
11.265069961547852
11.860041618347168
19.89307403564453
15.557479858398438
11.331888198852539
13.008700370788574
13.008700370788574
38.248477935791016
38.248477935791016
20.738571166992188
14.194794654846191
43.502220153808594
41.08392333984375
22.41940689086914
16.785968780517578
12.859445571899414
12.908495903015137
35.022911071777344
35.022911071777344
35.022911071777344
35.022911071777344
14.155890464782715
27.45726203918457
15.273262023925781
37.98863220214844
21.494728088378906
72.23180389404297
27.812435150146484
22.458946228027344
33.80821228027344
28.52707290649414
37.679954528808594
14.049686431884766
59.679847717285156
41.241729736328125
27.745960235595703
24.70681381225586
34.528594970703125
13.524052619934082
12.516496658325195
25.285926818847656
14.374550819396973
17.31566047668457
11.289473533630371
11.720868110656738
13.479111671447754
17.65088653564453
12.106803894042969
19.270809173583984
12.43203067779541
12.43203067779541
15.430977821350098
25.84326934814453
17.998254776000977
31.523818969726562
11.779475212097168
11.548691749572754
13.784051895141602
53.365116119384766
18.65944480895996
39.27600860595703
21.819679260253906
23.1690616607666
27.311723709106445
19.79483413696289
26.995485305786133
19.429733276367188
74.87008666992188
59.67748260498047
59.67748260498047
13.637735366821289
18.730018615722656
24.379131317138672
28.075820922851562
11.095037460327148
11.095037460327148
16.413305282592773
14.628225326538086
12.067737579345703
18.282028198242188
30.017654418945312
12.977128982543945
14.9010009765625
11.257365226745605
19.39798927307129
12.058378219604492
21.11239242553711
15.305404663085938
23.500566482543945
11.300703048706055
24.324989318847656
23.250041961669922
26.405683517456055
19.631074905395508
19.08075523376465
76.19969177246094
13.538673400878906
13.538673400878906
13.538673400878906
29.328262329101562
42.39794158935547
44.07769775390625
15.521781921386719
66.12931823730469
19.89069175720215
17.856266021728516
22.811288833618164
13.744853973388672
13.744853973388672
64.39417266845703
10.934290885925293
10.934290885925293
25.532936096191406
25.532936096191406
26.2769775390625
52.01800537109375
57.330074310302734
23.661046981811523
43.84505844116211
43.84505844116211
42.161651611328125
17.558534622192383
12.177535057067871
11.15989875793457
32.05097579956055
13.277665138244629
38.76987075805664
21.1555118560791
27.29436492919922
31.225631713867188
12.760217666625977
14.023303985595703
12.159180641174316
10.656582832336426
13.076749801635742
23.231639862060547
12.626241683959961
12.645230293273926
17.626068115234375
18.15540313720703
19.818004608154297
18.81177520751953
34.75572967529297
13.013071060180664
12.566137313842773
17.38702392578125
11.432369232177734
78.85771179199219
37.63400650024414
25.304203033447266
28.858503341674805
18.599559783935547
24.412067413330078
45.22043228149414
76.65895080566406
76.65895080566406
76.65895080566406
12.62197208404541
49.89742660522461
15.80533218383789
11.438763618469238
22.68380355834961
17.390748977661133
12.891923904418945
28.32488250732422
38.54179382324219
74.63399505615234
11.141298294067383
10.65666675567627
32.98041915893555
22.996591567993164
46.991180419921875
15.982199668884277
78.38046264648438
54.36029815673828
28.811542510986328
13.935748100280762
77.50859832763672
77.50859832763672
39.241458892822266
28.476333618164062
29.0556640625
48.66933059692383
23.684926986694336
16.61288833618164
16.07086753845215
33.33854675292969
71.78607940673828
34.56210708618164
39.026611328125
25.6496524810791
17.018383026123047
14.073047637939453
11.523080825805664
13.14310359954834
71.88224029541016
21.916894912719727
15.925594329833984
14.420488357543945
16.405391693115234
23.514930725097656
19.4570255279541
16.691699981689453
80.21448516845703
12.028987884521484
15.769170761108398
11.33544921875
18.651540756225586
27.800533294677734
37.132484436035156
37.132484436035156
12.11933708190918
26.455759048461914
26.455759048461914
26.455759048461914
26.455759048461914
26.455759048461914
77.04686737060547
77.04686737060547
77.04686737060547
77.2323226928711
72.06360626220703
72.06360626220703
72.06360626220703
72.06360626220703
28.448097229003906
15.250864028930664
27.484418869018555
27.484418869018555
27.484418869018555
27.484418869018555
27.484418869018555
27.484418869018555
27.484418869018555
17.358478546142578
17.358478546142578
19.703414916992188
35.35015106201172
36.05367660522461
37.592308044433594
41.53660202026367
31.93818473815918
20.754188537597656
13.085208892822266
13.085208892822266
13.742776870727539
12.89824390411377
16.014179229736328
33.57936096191406
15.361279487609863
15.623988151550293
47.693172454833984
47.693172454833984
32.6849479675293
16.329618453979492
16.20520782470703
16.20520782470703
16.20520782470703
17.43207359313965
39.1147575378418
22.128347396850586
19.315807342529297
33.67805862426758
29.195405960083008
13.741443634033203
13.741443634033203
18.46331024169922
17.93941879272461
17.93941879272461
29.79030990600586
58.542076110839844
12.871350288391113
36.955806732177734
16.432268142700195
12.825212478637695
33.00862121582031
27.575786590576172
18.577301025390625
17.153125762939453
22.11324119567871
38.65106201171875
28.114355087280273
41.47568130493164
14.381303787231445
12.946521759033203
20.998167037963867
20.998167037963867
35.297935485839844
24.8101806640625
33.02482986450195
36.585140228271484
21.7000732421875
19.866796493530273
53.113956451416016
21.029369354248047
14.454262733459473
24.1330509185791
17.969905853271484
14.437966346740723
14.539958953857422
15.683187484741211
17.6176700592041
12.850677490234375
20.890151977539062
15.025808334350586
20.266952514648438
18.958106994628906
14.706918716430664
21.451229095458984
27.756454467773438
13.379120826721191
11.097306251525879
17.57936668395996
43.67789840698242
17.238222122192383
15.893195152282715
12.472503662109375
20.47215461730957
19.58951187133789
32.60308837890625
12.988239288330078
41.24364471435547
68.3697509765625
13.72778606414795
13.72778606414795
61.93339920043945
50.77626037597656
29.775218963623047
34.854522705078125
11.813386917114258
20.767993927001953
14.755114555358887
24.136886596679688
35.586280822753906
35.00040054321289
49.95945358276367
16.001686096191406
12.212799072265625
12.212799072265625
28.28329849243164
28.28329849243164
28.28329849243164
20.44563102722168
25.602649688720703
45.703853607177734
66.0853042602539
29.388736724853516
15.604949951171875
19.14034652709961
13.93060302734375
26.185344696044922
18.47450065612793
19.777097702026367
60.69772720336914
20.792282104492188
19.267562866210938
36.30419921875
60.924110412597656
36.2435417175293
75.91015625
64.75106811523438
19.862525939941406
19.862525939941406
19.862525939941406
16.70532989501953
16.70532989501953
16.70532989501953
16.70532989501953
16.70532989501953
36.8141975402832
16.70532989501953
16.70532989501953
33.973262786865234
26.87680435180664
26.87680435180664
23.410377502441406
35.98671340942383
19.365238189697266
19.365238189697266
40.95011520385742
44.21685791015625
25.532188415527344
25.532188415527344
21.767871856689453
11.854415893554688
12.3839693069458
28.437898635864258
15.459318161010742
44.44015121459961
67.16462707519531
67.16462707519531
67.16462707519531
67.16462707519531
13.0836181640625
25.032485961914062
25.032485961914062
32.47254943847656
32.47254943847656
25.016868591308594
40.086483001708984
52.522918701171875
30.22466278076172
47.80284881591797
58.88372802734375
58.88372802734375
58.88372802734375
79.33878326416016
15.443174362182617
32.31553649902344
15.443174362182617
15.443174362182617
44.277408599853516
44.277408599853516
30.553447723388672
17.486995697021484
31.11722755432129
13.266077041625977
33.11565017700195
14.444222450256348
31.579608917236328
49.846710205078125
49.846710205078125
49.846710205078125
29.525936126708984
25.57897186279297
15.655637741088867
14.10590934753418
26.741334915161133
40.36994934082031
38.14307403564453
38.14307403564453
32.697654724121094
72.1075439453125
44.486385345458984
17.389310836791992
14.08858871459961
29.65729522705078
17.87935447692871
41.925994873046875
15.629932403564453
16.569171905517578
26.000141143798828
30.78801918029785
11.72817611694336
11.72817611694336
29.182785034179688
25.955196380615234
46.68444061279297
21.696670532226562
23.86703109741211
26.623737335205078
12.84937572479248
10.607254028320312
25.81459617614746
14.206986427307129
40.43932342529297
40.43932342529297
19.191905975341797
31.589447021484375
31.589447021484375
28.341917037963867
37.082374572753906
21.002159118652344
36.851173400878906
15.640939712524414
79.17693328857422
14.714340209960938
67.49553680419922
19.85552215576172
19.85552215576172
19.85552215576172
19.85552215576172
33.01801300048828
16.030738830566406
49.488182067871094
19.80385398864746
32.5335578918457
15.028885841369629
26.660741806030273
55.15646743774414
17.439956665039062
43.769962310791016
28.975379943847656
44.14207458496094
13.36055850982666
15.171259880065918
15.778793334960938
35.5032844543457
36.48836135864258
36.701595306396484
51.5062141418457
14.320362091064453
22.466110229492188
37.47943878173828
28.954492568969727
43.26130294799805
35.9750862121582
13.412052154541016
11.349346160888672
29.1053466796875
27.448976516723633
25.376619338989258
64.66178131103516
41.006465911865234
50.878623962402344
37.285213470458984
11.976723670959473
35.271385192871094
14.441650390625
21.688833236694336
12.475383758544922
16.70367431640625
46.861515045166016
11.790271759033203
25.50692367553711
65.63233947753906
19.250816345214844
20.406818389892578
11.662050247192383
17.358837127685547
52.687110900878906
52.687110900878906
59.44972229003906
37.848304748535156
43.547603607177734
38.86052703857422
15.107577323913574
10.560833930969238
39.645408630371094
39.645408630371094
39.645408630371094
15.180068969726562
15.180068969726562
19.26446533203125
33.264774322509766
22.4305477142334
16.54972267150879
28.67887306213379
15.308578491210938
15.308578491210938
11.837268829345703
41.30002212524414
20.14423370361328
12.533366203308105
36.85041427612305
45.28050994873047
23.710533142089844
13.644523620605469
39.4510383605957
43.8409423828125
12.71553897857666
23.486831665039062
23.443832397460938
19.345134735107422
19.345134735107422
41.98225402832031
18.333250045776367
19.817352294921875
16.446557998657227
26.758623123168945
26.758623123168945
23.9491024017334
11.59416389465332
11.59416389465332
11.59416389465332
18.56908416748047
24.286352157592773
24.286352157592773
24.269794464111328
10.846465110778809
15.523221015930176
75.68397521972656
30.973312377929688
28.4188289642334
28.4188289642334
63.32233428955078
73.01329803466797
40.9098014831543
16.674514770507812
18.55320930480957
20.953006744384766
13.934701919555664
23.87429428100586
13.374617576599121
43.967735290527344
21.792749404907227
17.528644561767578
21.329219818115234
18.519487380981445
21.47187614440918
13.636711120605469
22.806739807128906
12.055378913879395
32.78297424316406
53.89816665649414
53.89816665649414
34.016273498535156
13.808050155639648
14.166916847229004
21.720008850097656
48.608299255371094
22.20415496826172
12.951520919799805
45.64799499511719
15.114313125610352
30.11031150817871
17.371667861938477
22.432199478149414
12.902447700500488
22.493568420410156
13.72127914428711
39.83824920654297
12.180749893188477
20.229442596435547
38.92340850830078
16.434667587280273
19.384357452392578
24.34781837463379
23.571897506713867
23.93614959716797
26.59493637084961
18.124879837036133
30.906356811523438
47.175018310546875
13.088249206542969
13.088249206542969
83.6490249633789
28.30709457397461
21.8392333984375
13.768404006958008
11.882954597473145
15.036541938781738
19.556468963623047
17.503725051879883
23.180343627929688
41.317352294921875
18.34548568725586
25.203399658203125
16.157835006713867
19.176963806152344
13.623258590698242
28.462303161621094
52.107669830322266
23.523460388183594
56.72723388671875
34.932945251464844
34.932945251464844
34.932945251464844
17.988861083984375
15.280123710632324
24.676359176635742
53.82735061645508
32.47026062011719
33.204185485839844
55.23717498779297
13.371468544006348
24.57162094116211
21.006324768066406
42.26017761230469
42.26017761230469
11.914525985717773
16.699214935302734
16.699214935302734
55.4928092956543
13.049863815307617
20.33658218383789
30.34031105041504
32.4525146484375
32.4525146484375
19.084548950195312
19.084548950195312
40.65283966064453
21.655643463134766
38.30889892578125
22.016210556030273
16.86296844482422
28.451553344726562
19.36146354675293
26.953472137451172
22.718238830566406
22.718238830566406
15.152984619140625
15.152984619140625
18.066221237182617
25.204166412353516
20.255931854248047
57.85684585571289
12.752140998840332
15.285577774047852
17.822816848754883
13.881994247436523
12.599762916564941
10.974437713623047
13.583158493041992
19.989639282226562
11.4143705368042
13.830585479736328
20.092985153198242
13.603124618530273
20.28091812133789
12.090532302856445
15.87367057800293
14.887977600097656
19.275529861450195
13.964439392089844
11.071335792541504
58.386226654052734
21.988243103027344
21.235767364501953
19.10674285888672
38.48505783081055
20.211322784423828
17.249042510986328
24.23234748840332
13.526679039001465
16.565555572509766
14.568472862243652
21.626317977905273
16.371686935424805
19.720788955688477
11.332082748413086
13.444230079650879
17.808887481689453
14.29840087890625
19.309581756591797
15.909259796142578
11.271881103515625
13.927969932556152
11.153559684753418
26.652679443359375
21.614965438842773
42.022247314453125
30.213510513305664
64.68671417236328
30.79920196533203
16.460922241210938
18.534381866455078
20.686580657958984
15.745285987854004
17.729576110839844
29.51034164428711
24.65516471862793
34.66767501831055
20.246807098388672
15.231573104858398
22.538013458251953
28.51704216003418
60.03290557861328
39.65705871582031
69.00135803222656
33.504783630371094
44.04252243041992
26.64248275756836
44.0833740234375
39.07129669189453
47.471317291259766
65.75537872314453
21.361644744873047
17.23251724243164
30.523794174194336
10.556073188781738
17.06670379638672
15.919724464416504
12.606917381286621
21.33733558654785
30.44585418701172
39.74040985107422
27.82886505126953
60.86027145385742
23.55385971069336
18.350650787353516
69.84151458740234
22.71308135986328
21.923473358154297
13.329967498779297
50.89318084716797
31.944061279296875
49.507816314697266
47.18421936035156
11.674165725708008
28.099639892578125
16.56902313232422
16.43853759765625
29.43384552001953
46.056373596191406
54.87838363647461
26.151660919189453
14.580339431762695
30.928386688232422
43.56155776977539
16.72774887084961
33.062049865722656
34.97550964355469
75.65728759765625
43.713294982910156
10.74605941772461
16.949146270751953
15.860579490661621
24.06148910522461
18.26239776611328
11.445531845092773
61.8017578125
19.117332458496094
17.682802200317383
19.714920043945312
72.82617950439453
13.658697128295898
35.6964111328125
10.941205978393555
42.488929748535156
42.05109786987305
29.22885513305664
72.28568267822266
63.71229553222656
45.28076171875
29.884990692138672
17.757823944091797
11.20104694366455
37.21443176269531
26.81256675720215
33.599891662597656
21.460506439208984
14.746438980102539
16.60511589050293
75.72494506835938
25.764001846313477
14.19840145111084
18.87356185913086
47.87281799316406
61.176246643066406
55.25454330444336
19.3441162109375
33.15142822265625
32.328529357910156
48.21195602416992
21.346494674682617
34.70954895019531
52.81801986694336
39.638580322265625
41.7236328125
28.900148391723633
34.71514129638672
73.0925064086914
76.88114166259766
29.807336807250977
26.049842834472656
14.848234176635742
21.340503692626953
53.76298904418945
83.84909057617188
16.039100646972656
66.7278060913086
25.887094497680664
17.98151397705078
20.715412139892578
21.992801666259766
25.248626708984375
20.20189094543457
28.06643295288086
23.560775756835938
27.418397903442383
33.16813278198242
14.083270072937012
37.013763427734375
19.63928985595703
36.28865432739258
15.950618743896484
73.11543273925781
34.59417724609375
70.31017303466797
36.662593841552734
60.405391693115234
22.23326301574707
52.136837005615234
50.03169631958008
39.3342170715332
19.362911224365234
32.57879638671875
46.25166320800781
21.59841537475586
19.524612426757812
40.6407356262207
20.805206298828125
41.07440185546875
32.99913024902344
16.631267547607422
35.97757339477539
25.21125030517578
41.15291213989258
44.346763610839844
26.852985382080078
21.338010787963867
16.667572021484375
46.90308380126953
18.51348876953125
46.24287033081055
28.453704833984375
15.42551326751709
54.01484680175781
34.15513610839844
31.587581634521484
40.98290252685547
66.24188232421875
60.905975341796875
43.64217758178711
47.5406379699707
39.48826599121094
70.21649169921875
54.10205078125
36.384437561035156
12.317521095275879
17.17811393737793
16.53235626220703
26.058856964111328
17.48839569091797
14.806232452392578
12.005292892456055
16.010108947753906
39.26982116699219
45.85728073120117
10.857555389404297
53.3510627746582
32.29914855957031
10.409126281738281
68.25274658203125
10.692276954650879
57.89982604980469
57.09420394897461
21.83050537109375
32.68341064453125
48.93623352050781
35.060665130615234
62.19957733154297
32.269622802734375
72.9926986694336
15.049349784851074
48.33393859863281
17.496700286865234
64.65669250488281
17.868942260742188
80.03608703613281
61.1804313659668
24.124540328979492
31.260643005371094
26.252212524414062
51.45429229736328
35.96784973144531
40.403717041015625
18.051685333251953
82.27086639404297
24.81066131591797
15.366166114807129
68.82989501953125
31.596548080444336
69.7024917602539
17.774372100830078
12.449182510375977
30.93006134033203
69.93809509277344
66.01591491699219
28.678762435913086
59.192413330078125
30.53916358947754
13.382927894592285
43.34372329711914
33.740413665771484
16.667638778686523
36.356605529785156
53.96943664550781
32.860931396484375
67.70525360107422
13.601581573486328
16.062393188476562
37.51887512207031
18.48548698425293
55.14993667602539
72.74295043945312
21.724231719970703
30.441139221191406
37.571144104003906
18.124534606933594
25.15184783935547
33.49114227294922
60.930755615234375
17.275699615478516
79.58711242675781
12.312699317932129
36.19578552246094
28.000131607055664
18.120651245117188
43.76201248168945
18.615562438964844
24.902873992919922
23.17212677001953
52.44154739379883
15.65498161315918
31.151077270507812
27.462087631225586
26.84966278076172
13.86627197265625
30.26750946044922
20.695310592651367
40.098411560058594
12.044992446899414
24.72869873046875
45.869285583496094
65.7264633178711
33.06330490112305
12.128100395202637
55.45024490356445
69.26737976074219
25.37344741821289
19.411884307861328
11.473041534423828
35.30066680908203
30.32268524169922
29.755001068115234
45.02408981323242
14.315193176269531
48.10493850708008
24.96558380126953
45.09925079345703
26.89010238647461
12.716703414916992
38.87427520751953
27.584259033203125
60.23347473144531
22.45699691772461
11.790562629699707
61.142269134521484
10.669058799743652
29.141511917114258
60.97293472290039
33.97220993041992
53.484474182128906
21.148178100585938
42.7056999206543
35.039794921875
11.595476150512695
41.34840393066406
15.275999069213867
29.736839294433594
15.598016738891602
36.85159683227539
38.60203552246094
75.08709716796875
34.64105224609375
38.44485855102539
28.122085571289062
10.776150703430176
11.60457706451416
12.52885627746582
39.563743591308594
15.283413887023926
19.898292541503906
18.626148223876953
15.684906005859375
43.58450698852539
45.916988372802734
25.928165435791016
30.716209411621094
41.58782958984375
11.090519905090332
10.31750774383545
27.856700897216797
28.275442123413086
16.158613204956055
24.076953887939453
18.83344841003418
12.548181533813477
13.50312614440918
16.021011352539062
13.828060150146484
15.47216796875
18.696735382080078
13.053166389465332
16.697275161743164
15.104132652282715
15.789281845092773
20.54287338256836
14.473896980285645
12.586957931518555
10.76815414428711
14.135726928710938
19.276710510253906
12.846149444580078
30.077590942382812
35.75962448120117
68.29036712646484
12.06739616394043
61.98431396484375
21.658349990844727
64.72235870361328
17.77528190612793
63.24334716796875
67.62724304199219
33.534095764160156
64.31831359863281
26.574251174926758
61.43587112426758
22.285791397094727
77.82959747314453
11.773004531860352
30.328529357910156
38.58704376220703
12.554712295532227
17.619548797607422
72.18869018554688
26.79920768737793
34.70350646972656
14.582371711730957
28.183971405029297
49.689727783203125
15.24557876586914
35.789676666259766
12.880525588989258
11.950493812561035
26.777700424194336
20.478191375732422
19.61407470703125
14.109428405761719
59.79319381713867
71.41683959960938
75.88705444335938
68.55404663085938
60.80166244506836
48.85452651977539
33.85039520263672
14.752202033996582
23.501880645751953
20.443958282470703
77.66659545898438
33.035160064697266
13.805658340454102
21.723472595214844
34.19688034057617
27.63161277770996
52.678070068359375
37.477508544921875
15.628410339355469
28.40937042236328
39.49654769897461
13.343220710754395
51.319190979003906
63.22220230102539
74.15464782714844
17.694629669189453
33.30513381958008
26.861492156982422
50.09272766113281
46.94892883300781
15.391012191772461
20.082439422607422
23.197559356689453
42.15833282470703
12.659977912902832
25.974777221679688
40.9208869934082
15.477245330810547
38.87876892089844
10.045669555664062
26.642704010009766
55.900238037109375
25.239639282226562
70.00711822509766
18.777751922607422
41.652503967285156
33.21218490600586
22.732187271118164
60.850467681884766
25.939289093017578
22.648052215576172
46.89848709106445
63.7943000793457
47.95072555541992
21.970617294311523
31.78890037536621
27.893983840942383
26.588010787963867
17.453948974609375
36.55854797363281
77.89178466796875
72.14541625976562
66.02908325195312
37.65483474731445
14.113658905029297
21.284833908081055
67.84464263916016
20.92211151123047
30.210025787353516
13.202825546264648
29.755924224853516
21.35894775390625
34.94118881225586
26.596546173095703
76.77078247070312
11.677428245544434
24.12041473388672
25.438486099243164
22.627666473388672
38.177120208740234
80.63002014160156
71.20606231689453
26.581056594848633
40.56343460083008
15.300132751464844
24.53705596923828
33.14449691772461
13.536966323852539
40.43753433227539
18.921493530273438
27.770862579345703
40.78274917602539
15.162521362304688
35.90256881713867
76.8717041015625
50.974815368652344
30.040531158447266
15.69390869140625
35.27531814575195
23.443143844604492
22.20960235595703
48.98441696166992
15.1630220413208
30.362321853637695
27.394346237182617
58.8145751953125
52.27022171020508
22.40477752685547
19.752872467041016
68.45721435546875
34.118865966796875
53.39208984375
47.78102493286133
32.30818176269531
48.78250503540039
86.5499038696289
57.734474182128906
86.08944702148438
12.161242485046387
50.57305145263672
52.02309036254883
58.966400146484375
77.86991882324219
53.73588180541992
48.838775634765625
38.51308822631836
32.79115676879883
56.9144287109375
27.668807983398438
23.84747314453125
33.91795349121094
14.111896514892578
47.506080627441406
20.210041046142578
64.97250366210938
35.273094177246094
73.5788803100586
11.517810821533203
12.6372652053833
69.70115661621094
36.32958221435547
21.542163848876953
17.002763748168945
69.88603210449219
39.99269104003906
23.688243865966797
63.62245178222656
11.21596908569336
14.154573440551758
32.20101547241211
57.923736572265625
83.12969970703125
71.13494110107422
37.596107482910156
17.996084213256836
64.40013122558594
36.63382339477539
16.34844398498535
16.74583625793457
23.974361419677734
83.06147003173828
39.0650634765625
68.04901885986328
47.261966705322266
23.83643341064453
57.22410202026367
66.7688980102539
31.471466064453125
63.58991241455078
56.72572708129883
47.625267028808594
36.25901794433594
52.64720153808594
21.699337005615234
27.22047233581543
11.180412292480469
60.881168365478516
59.65856170654297
15.700279235839844
19.225799560546875
21.99136734008789
34.35132598876953
10.272699356079102
24.03809356689453
65.56106567382812
57.63776397705078
41.57973861694336
55.842350006103516
77.7479248046875
51.910675048828125
58.89329528808594
12.576602935791016
34.09879684448242
53.12678909301758
15.18471908569336
30.15445899963379
24.886249542236328
34.93769073486328
14.694765090942383
12.36574649810791
63.132572174072266
22.601272583007812
19.33904266357422
30.771081924438477
18.061302185058594
36.3128776550293
17.462841033935547
11.759519577026367
36.5621452331543
73.36941528320312
58.19969940185547
34.51029968261719
51.643836975097656
47.08382034301758
48.60344314575195
30.76188087463379
18.07609748840332
30.02120590209961
33.43737030029297
25.1817569732666
12.026607513427734
40.026153564453125
11.534704208374023
44.06633377075195
46.061275482177734
59.24087905883789
13.75113296508789
23.82396697998047
19.0502986907959
15.993057250976562
14.097380638122559
55.16069793701172
15.847023963928223
29.2451229095459
32.144535064697266
12.197007179260254
14.61634349822998
26.29911231994629
17.087158203125
21.91484832763672
75.2048568725586
56.61146545410156
38.00636291503906
42.874000549316406
50.38663864135742
31.627395629882812
10.76192569732666
11.193216323852539
10.797715187072754
11.186481475830078
12.229276657104492
12.284470558166504
11.625482559204102
12.352521896362305
12.101390838623047
17.20479965209961
11.28076457977295
12.684415817260742
12.755182266235352
13.269946098327637
13.815828323364258
14.128097534179688
17.665172576904297
19.19973373413086
13.006280899047852
16.020946502685547
12.960088729858398
12.383966445922852
25.994625091552734
12.879535675048828
11.436928749084473
15.526464462280273
14.806413650512695
11.703360557556152
12.154291152954102
13.613103866577148
14.446170806884766
12.875707626342773
11.001168251037598
15.805035591125488
12.637706756591797
12.620895385742188
14.165802001953125
11.36355209350586
10.12464714050293
10.34355354309082
10.84750747680664
11.116728782653809
10.652925491333008
10.949997901916504
10.274943351745605
10.122618675231934
11.321654319763184
10.114688873291016
11.001138687133789
10.3035888671875
10.393404006958008
10.197003364562988
10.336118698120117
10.487704277038574
10.384330749511719
10.515419006347656
10.540074348449707
10.393463134765625
10.248282432556152
10.348779678344727
10.708670616149902
10.452361106872559
10.727424621582031
10.56850814819336
10.71910285949707
11.374776840209961
10.23322868347168
10.384645462036133
10.67455768585205
10.250654220581055
11.086974143981934
11.970123291015625
49.341270446777344
13.42961311340332
26.43789291381836
19.459365844726562
18.497509002685547
11.191654205322266
12.094017028808594
51.611419677734375
14.099752426147461
14.373198509216309
31.127899169921875
39.24976348876953
11.722699165344238
10.47202205657959
17.838478088378906
12.50308609008789
37.1997184753418
19.093486785888672
10.944798469543457
10.975510597229004
10.158002853393555
10.326577186584473
10.121535301208496
10.472502708435059
10.213732719421387
10.386630058288574
10.079594612121582
10.696772575378418
10.024280548095703
10.909334182739258
10.123602867126465
12.483624458312988
10.093693733215332
11.588592529296875
10.140871047973633
10.718369483947754
10.092324256896973
10.404427528381348
10.294721603393555
12.323511123657227
10.063669204711914
11.159703254699707
10.046311378479004
11.220778465270996
10.231608390808105
10.89330768585205
10.36762809753418
10.578128814697266
10.592226028442383
10.27107048034668
10.130209922790527
12.404356002807617
10.215340614318848
10.292801856994629
10.103422164916992
12.536957740783691
10.145336151123047
10.940024375915527
10.07815933227539
10.201196670532227
10.87936782836914
10.122342109680176
10.398931503295898
10.903037071228027
11.19239616394043
10.132878303527832
10.688340187072754
10.116209983825684
10.503908157348633
11.346229553222656
10.314872741699219
10.29639720916748
10.898699760437012
10.250364303588867
10.378116607666016
10.745643615722656
10.26135540008545
10.372515678405762
10.646244049072266
10.513089179992676
10.1394624710083
10.258198738098145
10.028681755065918
10.624394416809082
10.30378532409668
11.109148025512695
10.189007759094238
10.240859031677246
10.261825561523438
11.238579750061035
10.30192756652832
12.970207214355469
10.089431762695312
10.201434135437012
10.131294250488281
10.720268249511719
10.121578216552734
10.741325378417969
10.10820484161377
11.253950119018555
10.168423652648926
10.191204071044922
10.034707069396973
14.64391803741455
10.590574264526367
10.294699668884277
10.110490798950195
10.317079544067383
10.198637962341309
10.376133918762207
10.118245124816895
15.735919952392578
10.279058456420898
10.126277923583984
10.082901954650879
10.136823654174805
10.147378921508789
10.2666015625
10.208719253540039
10.370231628417969
10.924640655517578
11.239715576171875
11.04387092590332
10.30211353302002
10.21122932434082
10.046380996704102
10.520792007446289
10.127312660217285
10.91572380065918
10.276333808898926
10.12903881072998
10.10043716430664
10.290904998779297
10.062299728393555
10.266169548034668
10.050790786743164
10.256006240844727
10.600192070007324
14.204221725463867
10.076112747192383
10.440092086791992
10.136009216308594
10.322822570800781
10.180726051330566
12.698616027832031
10.260435104370117
11.195669174194336
11.02760124206543
12.189221382141113
10.558028221130371
10.046989440917969
11.871437072753906
10.320929527282715
11.779216766357422
10.647788047790527
10.983282089233398
10.639548301696777
10.371176719665527
10.509788513183594
10.807483673095703
11.141827583312988
10.243035316467285
10.857268333435059
10.790008544921875
10.680241584777832
11.218574523925781
13.167173385620117
11.462350845336914
10.308979988098145
12.61917495727539
10.246427536010742
10.15432357788086
10.528801918029785
10.483370780944824
10.429580688476562
10.261373519897461
10.35566520690918
11.400751113891602
10.159751892089844
10.90187931060791
10.22895336151123
11.128144264221191
10.977496147155762
10.397201538085938
10.273200988769531
10.353083610534668
10.392801284790039
10.152332305908203
10.217976570129395
10.157097816467285
11.378711700439453
10.50902271270752
10.144865989685059
10.31810474395752
10.16084098815918
10.911389350891113
10.664892196655273
10.624092102050781
10.22822380065918
10.432015419006348
10.274308204650879
10.29665470123291
10.119447708129883
10.074336051940918
10.461139678955078
10.176198959350586
10.796584129333496
10.341519355773926
10.801681518554688
10.411172866821289
12.035819053649902
10.0868558883667
10.284146308898926
10.158774375915527
10.63248062133789
10.209794998168945
10.461319923400879
10.542280197143555
14.59992790222168
10.428301811218262
10.929167747497559
10.956787109375
10.632197380065918
10.969959259033203
10.232823371887207
10.376975059509277
10.347331047058105
11.228903770446777
11.286574363708496
10.321378707885742
10.570820808410645
11.370986938476562
10.236328125
10.231294631958008
10.9471435546875
10.199578285217285
10.365696907043457
10.387146949768066
10.955265998840332
10.044419288635254
10.33261775970459
10.039793968200684
11.060127258300781
10.105609893798828
10.108695030212402
10.256451606750488
10.053301811218262
10.169811248779297
10.503582000732422
10.04506778717041
10.497171401977539
10.502179145812988
10.45199203491211
10.079401969909668
10.279669761657715
10.166436195373535
10.346257209777832
10.153077125549316
10.028252601623535
10.200288772583008
10.300617218017578
10.159916877746582
10.032400131225586
10.354059219360352
11.968182563781738
10.840420722961426
10.248327255249023
10.385936737060547
10.185104370117188
10.487346649169922
10.334558486938477
10.27892780303955
10.607379913330078
10.483505249023438
10.186663627624512
10.50326919555664
10.105277061462402
10.167935371398926
10.246490478515625
10.83996868133545
10.304155349731445
10.04207706451416
10.231961250305176
10.77686882019043
10.535421371459961
13.341798782348633
10.288145065307617
10.077089309692383
10.164058685302734
10.065044403076172
10.056029319763184
10.198141098022461
10.189396858215332
10.438909530639648
10.166454315185547
10.119536399841309
10.171603202819824
10.215950012207031
10.39742374420166
10.167983055114746
10.587797164916992
10.029397964477539
10.171130180358887
10.329726219177246
10.51628589630127
10.2919340133667
10.306306838989258
10.608175277709961
10.268810272216797
10.501983642578125
10.796415328979492
10.158698081970215
11.423165321350098
10.160500526428223
10.645491600036621
10.593175888061523
10.906425476074219
10.08824348449707
10.677048683166504
11.851458549499512
10.134521484375
10.259407997131348
10.17708969116211
10.19604206085205
10.192910194396973
10.922752380371094
10.047991752624512
11.106863021850586
10.203834533691406
10.796549797058105
10.3428955078125
10.153319358825684
10.486533164978027
12.749176025390625
10.515740394592285
14.897272109985352
10.883986473083496
10.113346099853516
10.157013893127441
10.34889030456543
10.006349563598633
11.268505096435547
20.16415786743164
10.148202896118164
16.864795684814453
14.242219924926758
27.417814254760742
10.659634590148926
14.160497665405273
15.178214073181152
16.416885375976562
10.126262664794922
11.243038177490234
11.053292274475098
10.091314315795898
10.151922225952148
12.749750137329102
10.827852249145508
14.740087509155273
10.009710311889648
10.10522747039795
10.004924774169922
11.207867622375488
10.027935028076172
10.357263565063477
15.524580001831055
10.079948425292969
10.100253105163574
13.842607498168945
15.494458198547363
10.46538257598877
10.184497833251953
15.8978910446167
47.44990158081055
10.127317428588867
12.34412956237793
10.023191452026367
10.253426551818848
10.173102378845215
10.466493606567383
14.251001358032227
10.490087509155273
10.867015838623047
10.53289794921875
10.550459861755371
12.403789520263672
10.61103630065918
10.255005836486816
10.444491386413574
10.346728324890137
12.200056076049805
10.451906204223633
11.207959175109863
11.712489128112793
10.691169738769531
10.069071769714355
10.52009391784668
10.60788345336914
10.91404914855957
10.597878456115723
11.336620330810547
10.539041519165039
10.998530387878418
10.940837860107422
10.989784240722656
11.25358772277832
11.004326820373535
11.783294677734375
12.076606750488281
11.095526695251465
12.207233428955078
10.797343254089355
15.748186111450195
12.094242095947266
16.28533172607422
10.551779747009277
10.581329345703125
10.37216854095459
10.836974143981934
11.254379272460938
11.027387619018555
11.570313453674316
11.04601001739502
10.608470916748047
12.106206893920898
12.074945449829102
10.676107406616211
10.868321418762207
10.89651870727539
12.118537902832031
10.503833770751953
10.490891456604004
10.86351203918457
12.360525131225586
13.673418998718262
11.583122253417969
12.8203125
11.525145530700684
11.075778007507324
11.498682975769043
14.52760124206543
10.886316299438477
11.55378532409668
12.428570747375488
20.03740119934082
10.266034126281738
12.594823837280273
11.55620002746582
12.827215194702148
13.122400283813477
13.723979949951172
11.757867813110352
12.902314186096191
11.388795852661133
12.385137557983398
11.507566452026367
13.418889045715332
10.887931823730469
16.516529083251953
15.89237117767334
16.527738571166992
15.611831665039062
15.459450721740723
12.217761993408203
11.275938034057617
12.655902862548828
13.003877639770508
11.685413360595703
14.729941368103027
14.26982307434082
12.257631301879883
14.537813186645508
12.502748489379883
11.743017196655273
13.814656257629395
11.973160743713379
14.76205062866211
13.98311710357666
11.853126525878906
12.880714416503906
12.585371971130371
17.942588806152344
12.9412841796875
12.848649978637695
10.741738319396973
12.467596054077148
11.1255464553833
12.053420066833496
10.334513664245605
11.29906940460205
10.750877380371094
12.896648406982422
10.735214233398438
10.347480773925781
11.34460735321045
10.93033218383789
11.053003311157227
10.288867950439453
12.059489250183105
10.738377571105957
11.150019645690918
11.015181541442871
13.389283180236816
11.996591567993164
12.746769905090332
11.82381534576416
12.946147918701172
11.12084674835205
12.790382385253906
11.594619750976562
12.024078369140625
11.208078384399414
11.661657333374023
10.93527603149414
12.516815185546875
10.769973754882812
12.337292671203613
11.056144714355469
12.490496635437012
11.493622779846191
11.893159866333008
11.891288757324219
13.700039863586426
18.275108337402344
10.88079833984375
11.084447860717773
11.331149101257324
12.400304794311523
12.02879524230957
10.363876342773438
12.960967063903809
14.448453903198242
13.837346076965332
11.188127517700195
12.183382034301758
13.520608901977539
11.835758209228516
10.849044799804688
11.067693710327148
13.698668479919434
10.911473274230957
10.90878677368164
11.575695037841797
16.004898071289062
11.73332405090332
13.555520057678223
11.351431846618652
11.598417282104492
12.263259887695312
11.6556396484375
11.032687187194824
11.71735954284668
11.404193878173828
10.840339660644531
11.312973022460938
10.26289176940918
10.636520385742188
19.693082809448242
11.815263748168945
10.234585762023926
10.677386283874512
11.853338241577148
11.183658599853516
10.88929271697998
10.690834045410156
11.46731185913086
11.002652168273926
10.888996124267578
10.553762435913086
12.872427940368652
10.940218925476074
11.010025978088379
11.249237060546875
12.192811965942383
11.483078956604004
10.466992378234863
10.606322288513184
10.696215629577637
10.72042179107666
11.216094970703125
10.334500312805176
11.12319564819336
14.097755432128906
10.572495460510254
11.004048347473145
10.189016342163086
11.444833755493164
10.815094947814941
11.091276168823242
10.546518325805664
10.707630157470703
10.640687942504883
11.69448471069336
16.647293090820312
10.678572654724121
10.9111328125
10.266755104064941
11.557612419128418
10.630242347717285
11.81476879119873
11.037361145019531
10.845797538757324
11.661924362182617
11.201560974121094
13.124415397644043
12.326055526733398
12.55092716217041
15.397974014282227
12.650632858276367
16.216691970825195
13.787817001342773
12.915380477905273
21.045612335205078
13.485793113708496
22.26551055908203
10.937139511108398
10.92177677154541
10.28179931640625
11.38747787475586
11.083291053771973
12.930471420288086
10.793550491333008
12.098358154296875
12.931253433227539
10.293334007263184
14.828859329223633
11.079753875732422
10.587023735046387
15.898452758789062
15.759300231933594
13.690427780151367
10.808412551879883
10.938121795654297
27.139312744140625
13.336873054504395
13.01597785949707
17.62816619873047
12.045001983642578
16.18097496032715
10.730029106140137
11.112754821777344
12.574716567993164
14.11724853515625
10.616117477416992
13.413050651550293
11.338042259216309
13.202178001403809
12.067205429077148
11.026473999023438
11.073172569274902
15.516136169433594
11.902414321899414
15.216547012329102
10.697722434997559
15.402098655700684
12.205904960632324
12.921798706054688
13.655776977539062
16.12032127380371
15.362528800964355
13.1400146484375
11.71390151977539
12.48824691772461
13.710203170776367
14.599449157714844
24.62908363342285
14.882786750793457
13.103275299072266
16.041812896728516
11.923385620117188
24.28238296508789
12.570840835571289
14.682167053222656
18.246875762939453
19.528108596801758
12.916831970214844
16.041311264038086
12.769428253173828
17.937824249267578
16.797870635986328
17.69332504272461
11.962295532226562
18.223636627197266
11.775986671447754
25.996898651123047
11.344192504882812
27.870227813720703
21.036548614501953
14.023019790649414
11.938758850097656
11.313363075256348
10.210724830627441
11.095329284667969
10.345109939575195
10.687119483947754
10.345784187316895
10.411170959472656
10.160051345825195
12.541194915771484
10.969450950622559
10.49008846282959
10.512937545776367
10.906338691711426
10.863584518432617
12.595795631408691
10.560791969299316
10.351892471313477
10.752859115600586
10.581390380859375
10.812222480773926
11.100025177001953
12.240741729736328
12.492047309875488
10.29772663116455
10.397802352905273
11.475160598754883
10.659812927246094
11.963778495788574
10.315718650817871
11.525308609008789
10.674704551696777
11.158666610717773
10.695151329040527
10.834665298461914
10.653776168823242
10.621224403381348
10.538538932800293
12.31769847869873
11.815340042114258
11.5460844039917
10.405643463134766
11.271893501281738
11.473692893981934
10.538159370422363
10.35892391204834
11.251935005187988
11.629585266113281
11.349739074707031
11.279428482055664
10.46337604522705
10.423381805419922
10.868330001831055
10.554668426513672
11.109275817871094
11.43529987335205
12.363759994506836
13.560884475708008
10.749359130859375
10.951123237609863
10.416754722595215
10.873379707336426
11.929435729980469
11.750588417053223
11.230401039123535
11.708369255065918
10.915210723876953
11.333223342895508
10.764273643493652
10.406529426574707
11.73089599609375
11.0263090133667
12.021829605102539
11.265115737915039
12.073894500732422
11.615038871765137
10.366890907287598
11.107580184936523
11.381324768066406
10.774587631225586
10.541184425354004
10.970418930053711
11.142863273620605
10.613944053649902
12.202384948730469
10.397330284118652
12.990866661071777
10.536040306091309
10.3997802734375
11.47421932220459
12.041773796081543
11.064352035522461
11.16034984588623
10.122063636779785
11.4564790725708
11.049403190612793
13.187408447265625
11.135756492614746
13.187087059020996
10.755305290222168
11.440985679626465
12.002983093261719
11.206826210021973
11.690401077270508
10.821091651916504
11.131855964660645
10.775564193725586
11.107117652893066
12.834989547729492
10.82777214050293
12.248958587646484
10.924488067626953
10.652390480041504
11.070826530456543
11.53647518157959
10.52977466583252
12.20573616027832
12.900863647460938
10.853975296020508
10.268911361694336
11.206088066101074
13.653661727905273
18.900348663330078
13.988237380981445
17.305105209350586
10.77565860748291
14.77931022644043
11.3153715133667
13.386850357055664
10.992453575134277
11.813207626342773
10.0547456741333
10.165239334106445
10.187764167785645
11.10436725616455
10.160380363464355
13.161080360412598
10.563408851623535
10.80436897277832
10.210907936096191
11.28980541229248
11.2451753616333
14.924419403076172
10.125569343566895
11.096979141235352
10.043073654174805
14.188425064086914
10.545475959777832
10.953568458557129
10.314988136291504
14.457694053649902
16.67017364501953
11.446511268615723
10.3894624710083
11.27612590789795
27.526832580566406
10.404035568237305
14.688276290893555
14.947946548461914
10.135672569274902
12.927745819091797
10.262676239013672
10.38849925994873
11.179951667785645
10.723104476928711
10.376128196716309
10.67634391784668
11.224702835083008
10.420278549194336
10.45157241821289
32.61667251586914
11.95673656463623
20.673858642578125
10.975382804870605
10.364996910095215
11.33880615234375
12.416925430297852
10.244521141052246
10.6359224319458
12.693585395812988
10.528027534484863
10.32485294342041
18.47647476196289
10.153923034667969
11.620884895324707
10.314672470092773
10.358957290649414
10.51538372039795
13.405017852783203
10.418158531188965
10.220755577087402
10.358136177062988
17.32343292236328
11.255508422851562
11.961603164672852
10.174661636352539
11.167120933532715
11.219209671020508
11.419410705566406
11.019189834594727
12.229106903076172
10.856891632080078
10.539247512817383
10.667811393737793
10.905221939086914
10.326904296875
10.66304874420166
10.334094047546387
10.385810852050781
14.055519104003906
39.938594818115234
62.302024841308594
24.208919525146484
11.535213470458984
16.36001205444336
11.450723648071289
32.9210090637207
15.941381454467773
16.288179397583008
12.157464027404785
30.447256088256836
16.438552856445312
15.085840225219727
21.578289031982422
11.029742240905762
14.379572868347168
11.5867280960083
24.26776885986328
17.972333908081055
19.20136260986328
33.30771255493164
37.3233757019043
14.594415664672852
11.79564094543457
16.500715255737305
34.86415481567383
13.803455352783203
12.917425155639648
31.331783294677734
25.998008728027344
11.533023834228516
30.371238708496094
12.737203598022461
29.015689849853516
13.697738647460938
52.77228546142578
22.77410316467285
15.408802032470703
18.428672790527344
15.492539405822754
25.61153221130371
29.857589721679688
46.52686309814453
11.401391983032227
23.42530059814453
16.880130767822266
13.888212203979492
11.237480163574219
11.47611141204834
11.130979537963867
10.383508682250977
15.528522491455078
10.03170108795166
10.78099536895752
10.320698738098145
10.995420455932617
10.868386268615723
10.876555442810059
12.926838874816895
10.481739044189453
24.303321838378906
13.121644020080566
11.06507682800293
10.35699462890625
10.080042839050293
11.617633819580078
11.106432914733887
10.058113098144531
10.136674880981445
10.692241668701172
10.65397834777832
12.206743240356445
10.579153060913086
10.208778381347656
11.540885925292969
10.57687759399414
10.410477638244629
10.6165771484375
14.302937507629395
10.487832069396973
11.387996673583984
10.273856163024902
11.994919776916504
10.765303611755371
11.609183311462402
10.404810905456543
10.041450500488281
11.096527099609375
10.115371704101562
11.946228981018066
10.093147277832031
10.617183685302734
10.0579195022583
10.755239486694336
10.501852989196777
11.962583541870117
10.598111152648926
13.033317565917969
10.40069580078125
10.476346015930176
10.63868522644043
10.372231483459473
10.144505500793457
10.060630798339844
10.080170631408691
12.808096885681152
10.332077980041504
10.09327507019043
11.798059463500977
11.745586395263672
10.311280250549316
11.897801399230957
10.462751388549805
11.539131164550781
10.693432807922363
10.74786376953125
12.771265029907227
11.446260452270508
10.064117431640625
10.918493270874023
12.93078899383545
10.1485013961792
12.67860221862793
10.655759811401367
10.661606788635254
13.107447624206543
10.195036888122559
10.971197128295898
10.156315803527832
10.607217788696289
10.11346435546875
11.547428131103516
11.564872741699219
10.664560317993164
13.04544734954834
10.3934907913208
10.767271995544434
10.111580848693848
11.566564559936523
10.433032035827637
11.8256254196167
10.21178150177002
10.220797538757324
11.376405715942383
11.493768692016602
11.856103897094727
10.089763641357422
10.04632568359375
10.044600486755371
11.045495986938477
10.307963371276855
10.558549880981445
10.875914573669434
10.157730102539062
21.289905548095703
13.257875442504883
12.12462329864502
10.517446517944336
10.868589401245117
10.22356128692627
11.114648818969727
10.215600967407227
12.710095405578613
10.179211616516113
11.46912956237793
10.184246063232422
10.07422161102295
10.340291976928711
10.394006729125977
10.834447860717773
10.18496322631836
10.484670639038086
10.027799606323242
10.723097801208496
17.176193237304688
10.060272216796875
10.287505149841309
10.064297676086426
10.398125648498535
10.047455787658691
10.765366554260254
10.591596603393555
10.75266170501709
10.118526458740234
10.066767692565918
12.045430183410645
10.142581939697266
10.406293869018555
10.269369125366211
10.859905242919922
10.116386413574219
11.311921119689941
10.784697532653809
10.312708854675293
10.089702606201172
10.960715293884277
19.686128616333008
10.239794731140137
10.224322319030762
10.282397270202637
10.371560096740723
10.126213073730469
10.157439231872559
10.071085929870605
13.516295433044434
10.090239524841309
10.290441513061523
12.577601432800293
10.206401824951172
10.521060943603516
10.130011558532715
10.458620071411133
11.018957138061523
10.92138671875
10.236584663391113
10.501286506652832
10.086228370666504
10.382511138916016
16.074264526367188
10.026583671569824
10.203154563903809
10.063573837280273
11.73282241821289
10.109288215637207
12.783357620239258
10.660884857177734
10.387235641479492
10.0194730758667
11.40113353729248
10.101844787597656
10.248939514160156
11.408671379089355
10.164121627807617
10.477028846740723
10.148743629455566
11.190025329589844
10.205065727233887
10.303894996643066
10.819823265075684
12.077959060668945
10.637969970703125
10.616382598876953
15.497806549072266
32.27690505981445
11.091949462890625
18.309452056884766
11.664957046508789
17.962444305419922
26.270334243774414
19.484859466552734
10.467588424682617
23.6212100982666
12.75907039642334
17.911006927490234
11.314807891845703
12.165338516235352
10.506380081176758
11.39345645904541
10.728721618652344
12.471145629882812
14.460428237915039
11.580399513244629
20.949739456176758
12.030631065368652
10.168889999389648
12.173348426818848
13.415119171142578
23.052265167236328
16.775266647338867
12.684833526611328
11.419327735900879
20.276931762695312
10.064115524291992
11.478434562683105
11.77212142944336
11.50777816772461
12.732686996459961
14.476714134216309
10.304837226867676
11.032391548156738
10.197199821472168
14.54804801940918
10.260658264160156
10.58679485321045
12.465547561645508
12.661971092224121
15.595678329467773
12.767315864562988
11.651937484741211
13.669154167175293
11.901822090148926
10.605218887329102
10.544000625610352
13.351680755615234
10.601395606994629
13.627779006958008
10.558930397033691
10.320548057556152
13.49494743347168
10.425263404846191
19.367647171020508
10.32203197479248
10.441584587097168
10.614296913146973
11.51747989654541
10.232159614562988
11.274868965148926
10.069201469421387
10.446468353271484
10.625031471252441
10.169840812683105
10.774412155151367
11.252823829650879
10.530266761779785
14.490327835083008
10.234284400939941
12.4907865524292
10.046250343322754
10.35468578338623
10.928083419799805
10.198991775512695
10.57072639465332
10.56181526184082
10.050909042358398
28.922870635986328
10.901407241821289
10.209476470947266
10.579391479492188
10.500237464904785
11.066166877746582
10.53487777709961
10.87640380859375
10.219341278076172
12.859792709350586
10.79018783569336
10.237774848937988
10.066205978393555
23.47669219970703
10.79487133026123
10.321420669555664
10.413643836975098
10.386052131652832
10.301617622375488
14.484407424926758
10.338335990905762
18.253639221191406
10.121282577514648
15.043119430541992
10.58368968963623
11.480772972106934
11.039243698120117
20.129947662353516
10.392902374267578
19.119720458984375
13.713424682617188
15.60875129699707
11.968389511108398
11.485390663146973
13.530948638916016
11.83183479309082
11.957504272460938
12.270458221435547
10.641214370727539
14.847427368164062
10.319367408752441
12.046895980834961
10.973318099975586
10.681066513061523
10.475783348083496
10.536520004272461
11.076629638671875
12.419919967651367
10.840062141418457
11.960426330566406
12.870386123657227
10.687880516052246
11.510753631591797
13.037282943725586
11.533709526062012
12.6455717086792
14.21475601196289
11.80082893371582
24.075698852539062
11.725469589233398
13.01719856262207
11.077760696411133
11.266644477844238
10.100739479064941
10.5686616897583
10.617267608642578
15.998113632202148
12.063682556152344
17.537792205810547
12.246561050415039
11.881905555725098
12.180782318115234
10.975584983825684
13.783239364624023
20.326473236083984
15.292076110839844
10.370810508728027
11.805525779724121
12.141263008117676
16.543188095092773
10.917170524597168
17.279144287109375
11.706727981567383
42.157161712646484
16.51715850830078
10.228711128234863
11.435012817382812
14.956913948059082
10.993461608886719
41.29977798461914
14.221461296081543
43.79503631591797
10.923614501953125
13.391498565673828
16.50330352783203
10.461298942565918
12.192838668823242
11.00959300994873
18.42058563232422
12.706319808959961
10.724071502685547
12.768218994140625
10.26504135131836
11.333117485046387
11.208240509033203
10.449483871459961
10.39087200164795
11.541914939880371
15.952622413635254
21.894269943237305
23.020353317260742
11.4224853515625
21.661264419555664
16.928129196166992
10.693596839904785
13.255976676940918
13.711158752441406
12.443893432617188
19.32003402709961
10.997121810913086
14.247297286987305
10.32872486114502
12.960770606994629
12.483833312988281
13.851216316223145
10.20012378692627
12.518502235412598
11.296212196350098
12.389690399169922
10.661787986755371
13.038944244384766
10.843305587768555
11.904054641723633
20.232677459716797
11.714587211608887
11.616531372070312
11.83610725402832
10.443595886230469
13.129508018493652
10.964208602905273
17.118289947509766
12.243942260742188
12.766728401184082
11.783879280090332
25.211734771728516
15.241945266723633
24.92654800415039
14.488640785217285
16.226093292236328
15.652238845825195
12.371549606323242
13.58889389038086
12.675039291381836
14.016563415527344
11.192902565002441
13.875556945800781
11.527729988098145
12.467403411865234
10.407184600830078
12.65456771850586
13.06654167175293
10.537500381469727
12.705119132995605
19.86456298828125
15.326455116271973
17.313594818115234
10.362508773803711
10.171659469604492
10.109830856323242
10.081698417663574
10.265079498291016
10.434981346130371
10.362310409545898
18.512615203857422
11.101445198059082
27.171390533447266
10.654884338378906
13.751033782958984
12.61579704284668
10.205730438232422
11.255675315856934
15.563111305236816
14.078828811645508
13.974311828613281
11.193896293640137
11.115461349487305
10.907299041748047
10.448229789733887
10.018182754516602
11.948458671569824
10.237991333007812
11.619529724121094
11.217362403869629
10.96660041809082
12.250362396240234
10.291744232177734
11.361783027648926
10.925107955932617
10.529844284057617
10.381656646728516
10.846994400024414
11.682861328125
13.687321662902832
11.903467178344727
10.120662689208984
10.142317771911621
10.585925102233887
10.632292747497559
10.156902313232422
10.93496036529541
10.120977401733398
10.095024108886719
16.104154586791992
10.031209945678711
11.191844940185547
14.680667877197266
11.933088302612305
15.075623512268066
10.513883590698242
10.225578308105469
10.117154121398926
10.818476676940918
10.542932510375977
10.893058776855469
10.392977714538574
21.849748611450195
11.094614028930664
11.273210525512695
10.477718353271484
12.137805938720703
13.859131813049316
10.300623893737793
11.206965446472168
10.873366355895996
10.096410751342773
10.520017623901367
10.449197769165039
11.162034034729004
10.561555862426758
11.360219955444336
10.756885528564453
12.004944801330566
10.235506057739258
10.569694519042969
10.902194023132324
10.958507537841797
10.266535758972168
12.586088180541992
10.40662670135498
10.396780014038086
10.168004035949707
10.200849533081055
11.643399238586426
12.570775985717773
10.344583511352539
10.241090774536133
10.442537307739258
10.51144790649414
10.436409950256348
10.544962882995605
10.247929573059082
10.118268013000488
10.401269912719727
10.674208641052246
11.513266563415527
11.009660720825195
10.782649040222168
11.032801628112793
10.3829984664917
14.879981994628906
10.59188461303711
13.733406066894531
12.6660737991333
13.919374465942383
11.204073905944824
29.600374221801758
11.173264503479004
11.28443717956543
13.629508972167969
15.956451416015625
13.151956558227539
14.110321044921875
14.004461288452148
11.788857460021973
13.276041984558105
11.034700393676758
11.54887866973877
10.443758964538574
10.918364524841309
16.417552947998047
20.951122283935547
22.962142944335938
18.884838104248047
11.794950485229492
17.842182159423828
29.508363723754883
12.859070777893066
15.509054183959961
24.65616226196289
16.667224884033203
13.962409019470215
14.609769821166992
28.630739212036133
19.376998901367188
66.64909362792969
14.46742057800293
16.460426330566406
15.722407341003418
14.422457695007324
21.925765991210938
12.466036796569824
18.603633880615234
11.564430236816406
60.0018424987793
60.00038146972656
60.00370407104492
59.999637603759766
59.99943542480469
60.00337219238281
59.99993133544922
60.00122833251953
60.00556945800781
60.00046157836914
60.001468658447266
60.00002670288086
60.00083923339844
60.006717681884766
60.00145721435547
60.01035690307617
60.000587463378906
60.01611328125
60.0019645690918
59.99875259399414
60.00379943847656
60.000953674316406
60.00157928466797
60.02724838256836
60.01914596557617
60.001583099365234
60.033931732177734
60.00860595703125
60.004913330078125
60.012081146240234
60.014556884765625
60.00102615356445
60.00619125366211
59.99952697753906
60.00096893310547
60.00103759765625
60.00025939941406
60.00000762939453
59.9997673034668
59.999610900878906
59.99817657470703
59.99808883666992
60.0051383972168
60.00255584716797
59.99856948852539
59.998409271240234
60.00092697143555
60.00022506713867
60.00096130371094
60.00043869018555
60.00098419189453
60.00000762939453
60.000022888183594
60.00004196166992
59.999732971191406
59.99974060058594
59.999698638916016
59.99868392944336
59.997535705566406
59.99991989135742
59.999881744384766
60.00000762939453
59.999786376953125
60.00035095214844
59.999977111816406
59.999359130859375
59.999542236328125
59.99980163574219
59.99979019165039
60.000328063964844
59.999996185302734
60.0002555847168
60.00168991088867
60.00233840942383
60.007591247558594
60.00023651123047
60.00009536743164
59.99974060058594
60.00014877319336
59.999855041503906
59.99997329711914
60.0006103515625
60.002845764160156
60.000083923339844
60.00009536743164
60.000125885009766
60.000946044921875
59.999820709228516
60.003814697265625
60.007896423339844
60.000465393066406
60.000118255615234
59.99979782104492
60.00079345703125
60.0001335144043
60.002349853515625
60.00027847290039
60.00121307373047
60.01525115966797
60.009063720703125
60.00025177001953
60.0001335144043
59.999969482421875
59.999664306640625
60.000328063964844
59.999794006347656
59.99970626831055
60.00075912475586
60.00078201293945
60.00938034057617
60.00168228149414
60.00897979736328
60.0078239440918
60.004547119140625
60.0014533996582
60.000125885009766
59.99863815307617
60.00682830810547
59.9984016418457
59.996124267578125
60.0018196105957
60.00094985961914
60.00288772583008
59.99991226196289
59.99984359741211
59.999881744384766
59.999820709228516
60.008628845214844
60.0037841796875
60.0035400390625
60.00462341308594
59.99892807006836
59.999481201171875
59.9983024597168
60.00002670288086
60.00012969970703
60.00132369995117
60.00019073486328
59.99977111816406
59.999813079833984
60.0020637512207
59.9998893737793
59.99992752075195
60.00011444091797
60.0002326965332
59.9993896484375
59.99910354614258
60.000736236572266
60.000362396240234
59.99895477294922
60.00065231323242
60.003089904785156
59.99970626831055
60.000118255615234
60.00849533081055
60.00703811645508
60.00271987915039
60.007713317871094
59.99993133544922
59.99980926513672
59.99961853027344
60.000885009765625
59.99925231933594
60.002235412597656
60.000362396240234
59.99980163574219
60.000572204589844
60.00008010864258
60.000267028808594
59.99998474121094
59.999778747558594
59.999942779541016
59.99971008300781
60.00005340576172
59.99944305419922
59.99993133544922
59.99980545043945
60.00004959106445
59.999752044677734
59.998260498046875
59.99991989135742
60.00061798095703
60.00005340576172
59.999908447265625
59.99885940551758
60.00041961669922
60.000179290771484
59.99995422363281
60.00010299682617
60.00092315673828
60.00189208984375
60.00001525878906
59.99992752075195
60.001068115234375
60.000003814697266
60.000160217285156
59.99987030029297
60.00133514404297
60.00033187866211
60.00495529174805
60.001373291015625
60.00088882446289
60.00040054321289
60.00144577026367
60.00065231323242
60.001304626464844
60.00143051147461
60.00183868408203
59.99934005737305
60.00200653076172
59.99923324584961
60.00333023071289
60.00003433227539
59.99986267089844
60.00057601928711
59.994998931884766
59.999107360839844
59.99991989135742
60.0003662109375
60.00286865234375
59.99924087524414
60.00422286987305
60.01456069946289
59.999385833740234
60.00107955932617
60.00248718261719
60.0009651184082
59.999786376953125
59.99978256225586
59.99985885620117
59.99993133544922
60.000247955322266
59.999664306640625
59.999916076660156
60.00038146972656
60.00025177001953
59.99970626831055
60.001678466796875
60.00164031982422
60.00114059448242
60.00143051147461
60.003631591796875
60.00243377685547
59.999267578125
59.999488830566406
60.0037841796875
60.00038528442383
60.0008430480957
60.00630187988281
60.00226593017578
60.00714111328125
60.01531219482422
60.00127410888672
60.001792907714844
60.00017166137695
60.01832962036133
60.00171661376953
59.99925231933594
60.0020866394043
60.00046920776367
60.007301330566406
60.00039291381836
60.000450134277344
60.00005340576172
60.00102615356445
60.00062561035156
60.00025939941406
59.99983596801758
59.999855041503906
60.00041580200195
60.00363540649414
60.00019454956055
60.000038146972656
60.0002326965332
60.00029754638672
60.000640869140625
60.00050354003906
60.005008697509766
60.00083923339844
60.000946044921875
60.00008010864258
60.00210189819336
60.000099182128906
60.00066375732422
60.00044250488281
59.99771499633789
59.998416900634766
59.999961853027344
60.001033782958984
59.99964141845703
59.996089935302734
60.000797271728516
59.99877166748047
60.00060272216797
59.99974822998047
60.000370025634766
59.996826171875
59.99973678588867
59.994815826416016
60.000511169433594
59.99944305419922
59.998573303222656
59.997196197509766
60.00095748901367
59.99848556518555
60.00066375732422
59.99967956542969
60.00054168701172
59.9990119934082
60.00022888183594
59.99951934814453
59.9994010925293
60.00077438354492
59.99991226196289
60.00027847290039
59.998592376708984
60.0015754699707
60.00371551513672
59.99968719482422
59.99825668334961
59.99995422363281
59.99761962890625
60.00067138671875
60.008914947509766
60.002418518066406
60.00493240356445
60.011863708496094
60.001426696777344
60.009193420410156
60.00920867919922
60.0058708190918
60.00653839111328
60.006927490234375
60.00181579589844
60.001136779785156
60.00138473510742
60.003719329833984
60.00424575805664
60.002845764160156
60.003990173339844
60.00313949584961
60.002010345458984
60.013179779052734
60.00309371948242
60.0019416809082
60.002567291259766
60.00056457519531
60.0072021484375
60.00062942504883
60.00161361694336
60.00120162963867
60.000179290771484
60.000457763671875
60.004112243652344
60.00200653076172
60.010887145996094
60.00838851928711
60.00098419189453
60.00456619262695
60.004886627197266
60.00239181518555
60.00917434692383
60.00299835205078
60.00702667236328
60.00129318237305
60.007652282714844
60.0161018371582
60.00135803222656
60.0104866027832
60.00163269042969
60.00526809692383
60.005340576171875
60.012474060058594
60.000850677490234
60.005306243896484
60.00306701660156
60.023193359375
60.00080490112305
60.000606536865234
59.997745513916016
59.99991989135742
59.998748779296875
59.99924087524414
59.99580001831055
59.996925354003906
60.000240325927734
59.99822998046875
59.99754333496094
59.999061584472656
59.997291564941406
59.99924087524414
59.99844741821289
59.99953842163086
59.99696350097656
59.99700927734375
60.001075744628906
59.998565673828125
59.9973030090332
59.99921798706055
60.00137710571289
59.999237060546875
59.9996337890625
60.00083541870117
59.9998664855957
60.00060272216797
60.000999450683594
59.999874114990234
60.00001907348633
59.99699020385742
59.99970245361328
60.00725173950195
60.003963470458984
60.000694274902344
59.999996185302734
60.00162887573242
60.00159454345703
60.0007438659668
60.003150939941406
60.00029373168945
59.99037170410156
59.996402740478516
59.998958587646484
59.99826431274414
59.999576568603516
60.00064468383789
60.001705169677734
59.99894714355469
60.000343322753906
59.99690246582031
59.998504638671875
60.000389099121094
60.0046501159668
60.00270462036133
59.99667739868164
60.001426696777344
59.99973678588867
60.00370788574219
60.000465393066406
59.999977111816406
60.0009880065918
59.999027252197266
60.00045394897461
59.99847412109375
60.000274658203125
60.0004997253418
60.00028991699219
59.99977111816406
60.00102233886719
59.999412536621094
59.9991569519043
59.99964141845703
59.9970703125
59.999000549316406
59.99934005737305
59.99732971191406
60.0011100769043
59.99861526489258
59.994449615478516
60.00052261352539
60.000728607177734
59.99967956542969
59.99872589111328
59.996009826660156
59.99964141845703
59.99976348876953
59.99875259399414
59.99358367919922
59.99805450439453
59.999935150146484
59.9985237121582
59.99772644042969
60.00690841674805
60.0101203918457
60.00065994262695
60.001277923583984
60.00289535522461
60.00840377807617
60.00776290893555
59.99862289428711
59.99928665161133
60.00239181518555
60.005306243896484
60.00984573364258
60.00965881347656
60.00981521606445
59.996246337890625
60.002479553222656
59.999473571777344
60.00086212158203
60.0124397277832
60.009395599365234
60.010013580322266
59.99928665161133
60.003326416015625
59.999935150146484
60.0042839050293
59.99504470825195
60.004024505615234
60.012725830078125
60.00038146972656
60.003997802734375
60.00051498413086
59.99992370605469
60.0054931640625
60.005035400390625
59.999053955078125
60.0009651184082
59.99824142456055
59.998592376708984
59.996795654296875
59.99962615966797
59.99783706665039
59.99485778808594
59.99875259399414
60.00003433227539
59.99885559082031
59.9998893737793
59.99940872192383
59.99986267089844
59.99966049194336
59.99724578857422
59.99956512451172
60.0026969909668
60.00135040283203
59.99781799316406
59.999176025390625
60.00021743774414
59.99843978881836
59.998966217041016
59.99913024902344
60.000274658203125
59.99919128417969
59.9990119934082
59.999935150146484
60.00019073486328
59.99600601196289
59.999141693115234
59.99987030029297
60.00025177001953
60.00102996826172
59.99994659423828
60.00238800048828
60.0003776550293
60.00012969970703
60.001041412353516
60.00039291381836
60.00040817260742
60.0008659362793
60.00053024291992
60.00153350830078
59.99989318847656
60.00056457519531
60.000057220458984
60.00041198730469
60.00044631958008
59.999794006347656
59.99904251098633
59.99958801269531
60.00160598754883
60.000667572021484
60.000370025634766
59.99951171875
60.000484466552734
60.00004196166992
59.99947738647461
60.000160217285156
59.99773025512695
59.99734115600586
59.99982833862305
59.9994010925293
59.99939727783203
60.000144958496094
60.000301361083984
59.999534606933594
60.00004196166992
59.99945831298828
60.002315521240234
60.002220153808594
60.00412368774414
59.99999237060547
60.0025749206543
60.001651763916016
60.0009880065918
60.00328063964844
60.00312042236328
60.00411605834961
60.003021240234375
60.00663375854492
60.002201080322266
60.00422286987305
60.00105667114258
60.00186538696289
60.005210876464844
60.014984130859375
60.00503158569336
60.00564956665039
60.00537109375
60.008544921875
60.00373077392578
60.00288772583008
60.00351333618164
59.99945068359375
60.00151443481445
60.01192855834961
60.004486083984375
60.00968551635742
60.00473403930664
60.020992279052734
60.000518798828125
60.00475311279297
60.00585174560547
60.00059509277344
60.002037048339844
60.010643005371094
60.0071907043457
60.01215744018555
60.00434112548828
59.99900817871094
60.00570297241211
60.00922393798828
60.02288818359375
60.00356674194336
60.000789642333984
60.008602142333984
60.013023376464844
60.00855255126953
60.00300216674805
59.99765396118164
59.99800491333008
59.99905014038086
60.00041198730469
59.999290466308594
60.0001220703125
59.99974060058594
60.001129150390625
59.99974060058594
60.002376556396484
60.000553131103516
60.000885009765625
60.00035095214844
60.00117874145508
59.99991989135742
60.00007629394531
60.0008544921875
60.00025177001953
59.99995040893555
60.00074768066406
60.00045394897461
60.0015983581543
60.002113342285156
60.00115203857422
60.00065231323242
60.00000762939453
60.000762939453125
60.000022888183594
59.99972915649414
59.995975494384766
60.001285552978516
59.99919509887695
59.99972152709961
59.99965286254883
59.99959945678711
59.99983215332031
59.99966049194336
60.000038146972656
59.99994659423828
60.000633239746094
59.99996566772461
60.000205993652344
60.000301361083984
60.00325393676758
60.001502990722656
60.000308990478516
60.00089645385742
59.999847412109375
60.000099182128906
60.00006866455078
60.004180908203125
59.99985885620117
59.999446868896484
59.9991340637207
59.99931335449219
59.99948501586914
60.0001106262207
60.00080871582031
59.99998092651367
59.9981575012207
59.99892807006836
59.9981689453125
60.000160217285156
59.9986457824707
60.00633239746094
60.00934600830078
60.016788482666016
60.00928497314453
60.0204963684082
60.012794494628906
60.017906188964844
60.00571823120117
60.01338577270508
60.010318756103516
60.01603317260742
60.038978576660156
60.0073127746582
60.02610778808594
60.02136993408203
60.013187408447266
60.00524139404297
60.01707458496094
60.0157585144043
60.01719284057617
60.016510009765625
60.00375747680664
60.01218032836914
60.01593017578125
60.00415802001953
60.016632080078125
60.00495147705078
60.001182556152344
60.00210189819336
60.0069694519043
60.025123596191406
60.02899169921875
60.00736618041992
60.02146911621094
60.017940521240234
60.02878952026367
59.99736404418945
59.99738311767578
59.99861526489258
59.99776077270508
60.00001907348633
60.001014709472656
59.99978256225586
59.99953842163086
59.997249603271484
60.00088882446289
59.99948501586914
60.003387451171875
60.001346588134766
60.00629425048828
60.00421142578125
60.00340270996094
60.00083541870117
60.00336456298828
60.00330352783203
60.00078201293945
60.00102233886719
60.00177001953125
60.0029411315918
60.00460433959961
60.00821304321289
60.00185775756836
60.00303649902344
60.00327682495117
60.002777099609375
60.00398635864258
60.00322723388672
60.00147247314453
60.00809097290039
59.99856948852539
59.99776840209961
59.996646881103516
60.00083541870117
59.998390197753906
60.00138473510742
59.99747848510742
60.00251007080078
59.997222900390625
59.99825668334961
59.99944305419922
60.00071716308594
59.99861526489258
59.999568939208984
60.007877349853516
60.0175895690918
60.00517654418945
60.0003662109375
60.0073356628418
60.00133514404297
60.00168991088867
59.9989128112793
60.00180435180664
60.00381851196289
60.00629806518555
60.000244140625
59.998104095458984
59.99856185913086
59.99783706665039
59.98463439941406
60.006126403808594
59.98567581176758
59.981346130371094
60.0004768371582
59.98807144165039
59.99456024169922
59.99698257446289
60.03556823730469
60.00224685668945
60.001731872558594
60.00668716430664
60.002197265625
60.00307846069336
60.00681686401367
60.012943267822266
60.00434494018555
60.00168228149414
60.008445739746094
60.00149154663086
60.0025749206543
60.00634765625
60.006126403808594
60.000431060791016
60.016361236572266
60.00328063964844
60.00100326538086
60.0002326965332
59.998680114746094
59.996253967285156
60.000064849853516
59.99952697753906
60.00029754638672
59.999637603759766
60.001739501953125
60.001888275146484
59.999237060546875
59.99892044067383
60.00001525878906
60.01137161254883
60.001319885253906
60.00029754638672
60.010929107666016
60.00135040283203
60.00495529174805
60.00150680541992
60.01356506347656
60.00041198730469
60.002262115478516
60.00782012939453
60.001834869384766
60.0019645690918
60.00486373901367
60.00467300415039
60.01198959350586
60.004276275634766
60.00882339477539
60.00469207763672
60.00509262084961
60.00243377685547
60.007286071777344
60.003353118896484
60.00404357910156
60.00989532470703
60.00216293334961
60.00383758544922
60.00032043457031
60.010955810546875
60.00209426879883
60.00002670288086
60.0069694519043
60.009002685546875
60.00008010864258
60.013404846191406
60.000423431396484
60.000362396240234
60.00062942504883
60.00472640991211
60.00027084350586
60.009300231933594
60.00154113769531
60.003700256347656
59.999794006347656
59.999267578125
60.0007209777832
60.00016784667969
60.00264358520508
60.00046920776367
59.99846267700195
60.00115966796875
59.999794006347656
60.00081253051758
60.00107192993164
60.00843811035156
60.001094818115234
60.00766372680664
60.00275421142578
60.01480484008789
60.00074005126953
60.0001106262207
60.0003547668457
60.00056838989258
59.99934768676758
60.00102233886719
60.001502990722656
60.00092697143555
60.00410842895508
60.001949310302734
60.000404357910156
60.00342559814453
60.002811431884766
60.007450103759766
60.002601623535156
60.00001907348633
60.00973129272461
59.990806579589844
59.995330810546875
59.998233795166016
60.00239181518555
59.98640060424805
59.9928092956543
60.00096893310547
60.00413513183594
59.999046325683594
59.99836349487305
60.003910064697266
60.023075103759766
60.00715255737305
60.00859832763672
60.00521469116211
60.01168441772461
60.04230880737305
60.00582504272461
60.02913284301758
60.0212516784668
60.009761810302734
60.025047302246094
60.02096939086914
60.02007293701172
60.04524612426758
60.06831359863281
60.064517974853516
60.37088394165039
60.01579666137695
60.01338195800781
60.09621047973633
60.01652145385742
60.014217376708984
60.04121017456055
60.15998077392578
60.01430130004883
60.002166748046875
60.000125885009766
60.00190353393555
60.01850509643555
60.01797866821289
60.00337600708008
60.007137298583984
60.036705017089844
60.002647399902344
60.003944396972656
59.99858474731445
60.00090408325195
60.02484893798828
60.02177047729492
60.004791259765625
59.99678421020508
60.00140380859375
59.999149322509766
60.0006103515625
60.004573822021484
59.999916076660156
59.99860382080078
60.00602722167969
60.002437591552734
60.00023651123047
60.0062141418457
60.000118255615234
59.99986267089844
60.045074462890625
60.00120544433594
59.99742126464844
59.99353790283203
60.001251220703125
59.999542236328125
60.004554748535156
60.000450134277344
60.003177642822266
60.000545501708984
60.000083923339844
59.99831771850586
59.995994567871094
59.99715805053711
59.99879455566406
59.99898910522461
59.994781494140625
59.9911003112793
60.00724792480469
59.99968719482422
60.00397872924805
60.00278091430664
60.024192810058594
60.00602340698242
59.99362564086914
60.002166748046875
59.99978256225586
60.008995056152344
60.00118637084961
60.00105285644531
59.99650573730469
60.00983810424805
60.00447082519531
60.001708984375
59.99667739868164
59.99852752685547
60.00069046020508
59.99862289428711
60.00041961669922
60.000858306884766
60.005245208740234
60.02037048339844
60.01936340332031
59.999168395996094
59.99906921386719
59.99513244628906
59.98760986328125
60.006343841552734
59.99125289916992
59.995418548583984
60.002197265625
60.009864807128906
60.005584716796875
59.988948822021484
59.99641418457031
60.00873565673828
59.99652862548828
60.00017166137695
60.00519943237305
59.997955322265625
59.998416900634766
60.005104064941406
60.01211166381836
60.015262603759766
60.00725555419922
59.99484634399414
59.99604415893555
60.00482177734375
60.00037384033203
59.99459457397461
59.947505950927734
59.999202728271484
59.99933624267578
60.00065994262695
60.00037384033203
60.000301361083984
60.00844955444336
59.99704360961914
60.0020866394043
60.0011100769043
60.03824996948242
60.00038528442383
60.00065231323242
60.006126403808594
60.00104522705078
60.002105712890625
59.99900436401367
60.00273132324219
60.01068878173828
60.00063705444336
60.00354766845703
60.0024299621582
60.007999420166016
59.99445343017578
59.99713134765625
60.02406311035156
60.032875061035156
60.003841400146484
60.000633239746094
60.00287628173828
60.01258850097656
60.00078582763672
60.00465393066406
60.000125885009766
59.99972152709961
60.000492095947266
59.999473571777344
59.99871063232422
60.000675201416016
60.00462341308594
60.00054931640625
60.00680923461914
59.999481201171875
59.99955368041992
60.00141143798828
60.00062942504883
59.999935150146484
60.00011444091797
59.99998092651367
59.99932861328125
59.99919128417969
59.99992752075195
59.99980926513672
60.000282287597656
60.0007209777832
60.05262756347656
60.0019416809082
60.001102447509766
60.00778579711914
60.015560150146484
60.00056457519531
59.99998474121094
59.99973678588867
60.000770568847656
59.99991226196289
60.009033203125
60.012428283691406
60.007080078125
60.01027297973633
59.99856185913086
60.006744384765625
60.000274658203125
60.00214767456055
60.005584716796875
60.00129699707031
60.0053825378418
60.02273941040039
60.0121955871582
60.037200927734375
60.009456634521484
60.002052307128906
60.00569534301758
60.002498626708984
60.002784729003906
60.0114631652832
59.998958587646484
60.004512786865234
60.0031623840332
60.0025634765625
60.002132415771484
60.00621795654297
60.00450897216797
60.00971603393555
60.0061149597168
60.051353454589844
60.01950454711914
60.021732330322266
60.00266647338867
60.00184631347656
60.009307861328125
60.008182525634766
60.004127502441406
60.00565719604492
60.00372314453125
60.005615234375
60.03926086425781
60.02613067626953
60.0177001953125
60.0064811706543
60.00992202758789
60.01828384399414
60.01100540161133
60.006187438964844
60.00322723388672
60.010677337646484
60.003387451171875
60.00545120239258
60.02751541137695
60.00266647338867
60.00194549560547
60.00654220581055
60.049137115478516
60.01628875732422
60.0294303894043
60.047706604003906
60.01085662841797
60.00732421875
60.004730224609375
60.000423431396484
60.00177001953125
60.00540542602539
60.000057220458984
60.00059127807617
60.0313606262207
59.94850158691406
60.0126838684082
60.0108642578125
60.00004196166992
59.99466323852539
60.001983642578125
59.99894714355469
59.993560791015625
59.99691390991211
59.997276306152344
60.0068473815918
60.00242233276367
59.99976348876953
59.99937438964844
59.99846649169922
60.009334564208984
59.991947174072266
59.9990348815918
59.99934387207031
59.99032974243164
59.997833251953125
59.99323272705078
59.99026870727539
60.01769256591797
60.002708435058594
59.996734619140625
59.999778747558594
59.98598861694336
59.963714599609375
60.00515365600586
60.00389862060547
60.000213623046875
60.00123596191406
60.000267028808594
59.999454498291016
60.02083206176758
60.003570556640625
59.997642517089844
60.00282669067383
60.00579833984375
60.00399398803711
60.00642395019531
60.046512603759766
59.997894287109375
60.029541015625
60.00809860229492
60.00088882446289
59.9971809387207
60.00033187866211
60.00176239013672
59.99812698364258
60.00008773803711
60.003746032714844
60.000221252441406
60.006710052490234
60.00074768066406
60.00026321411133
60.005104064941406
59.999393463134766
59.99995422363281
60.00012969970703
59.99187469482422
59.99858856201172
60.011314392089844
60.012691497802734
60.00010299682617
59.99950408935547
60.00361633300781
60.00559616088867
60.00829315185547
60.0161018371582
60.01104736328125
59.99700164794922
60.000999450683594
59.998802185058594
59.99456787109375
59.99836730957031
59.994476318359375
59.996910095214844
59.99592971801758
59.98612976074219
59.99799728393555
59.995819091796875
60.00279998779297
60.000587463378906
60.00141525268555
59.99634552001953
59.996315002441406
59.998374938964844
59.99760055541992
60.01093292236328
59.999183654785156
59.99989700317383
60.00126647949219
60.00596237182617
59.994407653808594
60.00088119506836
60.00168228149414
59.999961853027344
59.99705505371094
60.00053024291992
59.99676513671875
60.000858306884766
60.004234313964844
60.00028610229492
59.998416900634766
60.00340270996094
59.99959182739258
60.007286071777344
59.998600006103516
60.00143051147461
59.99958419799805
59.999176025390625
60.00290298461914
60.00336456298828
59.999481201171875
59.99845886230469
59.998172760009766
60.015132904052734
59.99856948852539
59.996421813964844
60.001220703125
59.997283935546875
59.99889373779297
60.000816345214844
60.004127502441406
59.99925231933594
60.00379943847656
59.994361877441406
59.99951934814453
60.00647735595703
59.99848556518555
60.00283432006836
60.00048065185547
60.005985260009766
60.000823974609375
60.0204963684082
60.002750396728516
60.008277893066406
60.005157470703125
59.998008728027344
60.01435852050781
60.00447463989258
60.00406265258789
60.00729751586914
59.9741325378418
59.993778228759766
60.00254440307617
60.000179290771484
59.974552154541016
60.003780364990234
59.99388885498047
59.97015380859375
59.99946594238281
60.00191879272461
59.99794387817383
59.99598693847656
59.999420166015625
60.008155822753906
60.00078201293945
60.0001335144043
60.003299713134766
60.002079010009766
59.9998664855957
59.995849609375
59.974205017089844
59.994728088378906
59.98661422729492
59.989341735839844
59.99809265136719
59.997867584228516
59.993289947509766
59.98817443847656
60.0419921875
60.0012092590332
60.01356506347656
60.00054931640625
60.00163650512695
60.0042724609375
59.99980926513672
60.04090118408203
60.01203918457031
60.00067901611328
59.99958801269531
60.016780853271484
60.0068244934082
59.98360061645508
59.98787307739258
60.003238677978516
60.0008659362793
59.99394989013672
60.00112533569336
59.99924087524414
60.00147247314453
60.00910186767578
60.00084686279297
59.998634338378906
60.01401901245117
59.99925994873047
60.02324295043945
59.99979019165039
60.00364685058594
60.0107536315918
59.99716567993164
60.00734329223633
59.99684143066406
60.00804901123047
60.00091552734375
59.996490478515625
60.008216857910156
59.99830627441406
60.00212097167969
60.00236892700195
59.99858856201172
60.001434326171875
60.000919342041016
60.000152587890625
59.999488830566406
60.00006103515625
60.001976013183594
60.000545501708984
60.004486083984375
60.00224685668945
60.00136184692383
60.004478454589844
60.00038528442383
59.998741149902344
60.002681732177734
59.99972915649414
60.0
60.00143051147461
59.993614196777344
60.000450134277344
60.001949310302734
59.99896240234375
60.00324630737305
59.99898147583008
59.99919509887695
59.996673583984375
59.9988899230957
59.992183685302734
59.99970626831055
60.00352478027344
60.00205993652344
60.00149917602539
59.99998092651367
60.001224517822266
60.0018196105957
60.001033782958984
60.0002555847168
60.00212860107422
59.999393463134766
59.998138427734375
59.9971809387207
60.00032424926758
59.997928619384766
59.999183654785156
59.99929428100586
59.9995231628418
60.003013610839844
60.012290954589844
59.99649429321289
60.001121520996094
59.999000549316406
59.999603271484375
59.99953842163086
59.999332427978516
59.999881744384766
59.99955749511719
59.99988555908203
60.000553131103516
59.99890899658203
59.99997329711914
59.99972152709961
60.00151824951172
60.00394058227539
59.999725341796875
59.99771499633789
60.000205993652344
59.99884033203125
59.997737884521484
59.99781036376953
59.99726867675781
59.99945831298828
59.997291564941406
59.999488830566406
60.004817962646484
59.9824104309082
59.99811935424805
59.99808883666992
60.000247955322266
60.000728607177734
60.00107192993164
59.99769973754883
60.00172424316406
60.00151443481445
59.99681854248047
59.99939727783203
60.00379180908203
60.002952575683594
59.99595260620117
59.99626922607422
60.001502990722656
59.99298858642578
60.00172805786133
59.999813079833984
60.00007247924805
60.000728607177734
59.999847412109375
60.000179290771484
59.99547576904297
60.0042724609375
60.00170135498047
60.00343704223633
60.002864837646484
59.996402740478516
60.00128173828125
59.9991455078125
59.99639129638672
60.0009651184082
59.99287033081055
59.99879837036133
59.994789123535156
59.998172760009766
59.99711608886719
60.0001335144043
60.00121307373047
59.99188995361328
60.006778717041016
60.0010986328125
60.023292541503906
60.00011444091797
60.0186767578125
60.01325225830078
60.00308609008789
60.00703811645508
60.13787078857422
60.000484466552734
60.008148193359375
60.025447845458984
60.00823211669922
59.968204498291016
59.974220275878906
60.00082778930664
60.017189025878906
60.00165939331055
60.00034713745117
60.001365661621094
60.02297592163086
60.01362609863281
60.00254440307617
60.02876281738281
60.00160598754883
60.0045051574707
59.98830032348633
59.96928787231445
60.0085334777832
60.00011444091797
59.99980926513672
59.98760986328125
60.0001220703125
60.00064468383789
60.00209426879883
60.00025939941406
60.00054931640625
60.00802230834961
60.002803802490234
60.00025939941406
59.99949264526367
59.99933624267578
60.00175857543945
60.000057220458984
59.99730682373047
60.020294189453125
60.015987396240234
60.00120544433594
60.02472686767578
60.747310638427734
60.00099182128906
59.99891662597656
60.001216888427734
60.001258850097656
59.99967575073242
59.99856948852539
59.99953842163086
59.999820709228516
60.004486083984375
60.001182556152344
60.001441955566406
60.000667572021484
60.000526428222656
59.99999237060547
60.0037841796875
60.00041961669922
60.011024475097656
60.00309371948242
60.004581451416016
59.99568176269531
59.99985122680664
60.00457000732422
59.99940872192383
60.00082778930664
59.99540328979492
60.004737854003906
60.00056076049805
60.000938415527344
60.00477981567383
60.000091552734375
60.001407623291016
59.9995002746582
60.00014877319336
60.001007080078125
60.003395080566406
59.99909591674805
60.00069046020508
60.00005340576172
59.99980163574219
59.9978141784668
60.001224517822266
59.99359893798828
60.00081253051758
59.9995002746582
60.00062942504883
59.99879455566406
59.99898147583008
60.00349807739258
60.001522064208984
59.99008560180664
59.99820327758789
60.002262115478516
60.0103645324707
59.99675369262695
60.00310516357422
60.00069046020508
60.007545471191406
59.99769592285156
59.99988555908203
59.99778747558594
60.003475189208984
59.99638748168945
60.00750732421875
60.00099182128906
59.9997444152832
60.00171661376953
60.004119873046875
60.002647399902344
60.00114440917969
59.99954605102539
60.000022888183594
60.001617431640625
60.00127029418945
59.99892807006836
59.999847412109375
60.00064468383789
60.00266647338867
60.00776290893555
59.99689865112305
60.00031661987305
60.00218200683594
59.91880798339844
59.998477935791016
60.00215148925781
60.00465774536133
59.99309539794922
60.0007209777832
60.004295349121094
59.98857116699219
60.000919342041016
59.99952697753906
60.00020980834961
60.0018424987793
59.999534606933594
60.00210189819336
60.000118255615234
60.0035514831543
60.000152587890625
60.0006217956543
59.99968719482422
60.00160598754883
59.97285079956055
59.9946174621582
59.999908447265625
59.999176025390625
59.99962615966797
60.005516052246094
59.99848556518555
60.00050354003906
59.99911117553711
60.00116729736328
60.00228500366211
59.99952697753906
60.00452423095703
59.99650573730469
59.99152374267578
60.001014709472656
60.00405502319336
59.99993133544922
60.00727462768555
59.99424362182617
59.99901580810547
60.010459899902344
59.99934768676758
59.9981803894043
59.99357223510742
60.0151481628418
59.99987030029297
59.99998092651367
60.02228546142578
60.005332946777344
60.01716613769531
60.005043029785156
59.99095916748047
59.9986572265625
59.99971008300781
59.9993782043457
59.99932098388672
60.00703048706055
59.99030303955078
59.999481201171875
60.001155853271484
59.99648666381836
59.9977912902832
59.997676849365234
59.99938201904297
60.00096893310547
60.002742767333984
59.984901428222656
59.99222946166992
59.99474334716797
59.997310638427734
60.00359344482422
60.00064468383789
59.99863052368164
59.991539001464844
60.0001106262207
59.99877166748047
59.99341583251953
60.00231170654297
60.000247955322266
59.9956169128418
60.0049934387207
60.0003662109375
60.00214767456055
59.999271392822266
59.9986457824707
60.00360870361328
60.00333786010742
59.99915313720703
60.00196838378906
59.99746322631836
59.99366760253906
59.99909210205078
60.00486755371094
59.998172760009766
59.99766540527344
59.99755096435547
60.021141052246094
59.98350524902344
60.00581359863281
60.00151443481445
59.999942779541016
60.0096321105957
60.00335693359375
60.006996154785156
59.99966812133789
59.99728012084961
60.0001220703125
60.00163650512695
59.998329162597656
60.00063705444336
60.001983642578125
60.00674819946289
59.99830627441406
59.99447250366211
60.003658294677734
59.99802780151367
59.99855041503906
60.00425338745117
59.99215316772461
59.999820709228516
59.99989318847656
60.01313400268555
60.00624465942383
60.00054931640625
60.00059127807617
60.00194549560547
60.00021743774414
59.99985122680664
60.00113296508789
60.002845764160156
60.00157928466797
60.0009651184082
60.00160598754883
59.99813461303711
59.99921417236328
60.0002326965332
59.99943542480469
60.002376556396484
60.001060485839844
59.99409103393555
60.00373458862305
60.003379821777344
60.005035400390625
60.00567626953125
60.003292083740234
60.002899169921875
60.00498962402344
60.003299713134766
60.00852584838867
60.003421783447266
60.00532150268555
60.00151824951172
60.0060920715332
60.00020980834961
60.00125503540039
60.01697540283203
60.00825119018555
60.00218963623047
60.00975036621094
59.99824523925781
60.00294494628906
59.99723815917969
60.000457763671875
59.9971809387207
60.00164794921875
59.98942184448242
60.000267028808594
59.99739074707031
59.99988555908203
60.00075912475586
59.9998893737793
60.001338958740234
60.001380920410156
59.997684478759766
60.00297927856445
59.98714065551758
60.00266647338867
60.00664138793945
60.0043830871582
60.005653381347656
60.017852783203125
60.004512786865234
60.00672149658203
60.005550384521484
60.0070915222168
60.01032257080078
60.00691604614258
60.028499603271484
60.01406478881836
60.006683349609375
60.00759506225586
60.00318908691406
60.0074462890625
60.003326416015625
60.00685119628906
60.0090446472168
60.00761795043945
60.011051177978516
60.003883361816406
60.00272750854492
60.0002555847168
60.000160217285156
59.994876861572266
60.00172424316406
60.00265884399414
59.999542236328125
60.00609588623047
59.99742126464844
60.002296447753906
60.00422286987305
59.99993133544922
60.00139236450195
60.00011444091797
60.0030632019043
59.999122619628906
60.00146484375
60.00046920776367
60.00358963012695
60.01548385620117
60.00761795043945
60.004417419433594
60.00433349609375
60.002174377441406
60.00225830078125
60.00455856323242
60.00104904174805
60.003700256347656
60.001914978027344
60.00379180908203
60.00434112548828
60.01349639892578
60.00624465942383
60.00200271606445
60.00308609008789
60.00128936767578
60.00410079956055
60.00303649902344
60.00614547729492
60.003448486328125
60.000152587890625
60.00234603881836
60.00216293334961
60.00789260864258
60.00180435180664
60.00367736816406
60.00154495239258
60.001670837402344
59.99966812133789
60.0027961730957
60.00224304199219
59.99888610839844
60.00065612792969
59.99969482421875
60.001182556152344
60.002201080322266
59.997772216796875
60.001609802246094
60.00146484375
59.99233627319336
59.999717712402344
59.999629974365234
59.99989700317383
59.9986572265625
59.999969482421875
59.998374938964844
59.99788284301758
60.00111770629883
60.00034713745117
59.99967956542969
60.00064468383789
60.00071716308594
60.00237274169922
60.00723648071289
60.00007247924805
59.999996185302734
60.00082015991211
60.000144958496094
59.99999237060547
59.999977111816406
60.000064849853516
59.99990463256836
60.000022888183594
59.99997329711914
59.99984359741211
59.99993896484375
60.001060485839844
59.99994659423828
60.000205993652344
59.99995803833008
60.0
59.99995040893555
60.001182556152344
59.99991989135742
60.00003433227539
59.99995803833008
60.000694274902344
59.997371673583984
60.00266647338867
60.00056457519531
60.00081253051758
59.99982452392578
59.999969482421875
59.9998779296875
59.99227523803711
60.00236892700195
60.0007209777832
60.000038146972656
60.001258850097656
60.00071334838867
60.003849029541016
60.000301361083984
60.000465393066406
60.009117126464844
59.9998893737793
60.00003433227539
60.00008010864258
60.001014709472656
60.00108337402344
60.007179260253906
60.001708984375
60.00019836425781
60.00056457519531
60.0003547668457
60.0130615234375
60.005393981933594
60.000999450683594
60.002254486083984
60.0003776550293
60.00025177001953
60.000003814697266
60.00006866455078
60.00041580200195
59.99989318847656
60.000030517578125
60.000030517578125
60.00293731689453
60.00057601928711
60.00007629394531
59.9990119934082
60.00011444091797
60.00007629394531
59.999900817871094
59.999996185302734
60.00002670288086
60.00000762939453
60.00028991699219
60.0
60.00032043457031
60.000030517578125
59.99938201904297
59.99998092651367
60.000091552734375
60.00046920776367
60.001766204833984
60.00060272216797
60.000118255615234
60.000003814697266
60.00004196166992
59.999969482421875
60.00143814086914
60.00532913208008
59.99991226196289
59.99997329711914
59.99991226196289
59.99998474121094
59.999855041503906
60.0003776550293
60.00116729736328
60.000919342041016
60.00044631958008
60.00006103515625
60.00104904174805
60.0002555847168
60.002235412597656
59.99835968017578
60.00015640258789
59.9981689453125
59.99736785888672
60.0007209777832
60.00530242919922
60.000396728515625
60.00325393676758
60.00049591064453
59.99971008300781
60.000244140625
60.00014877319336
60.000308990478516
59.99657440185547
60.0063591003418
59.999900817871094
59.99959182739258
59.99890899658203
59.999202728271484
59.9995002746582
60.000301361083984
59.99983596801758
59.999900817871094
60.00054168701172
59.999568939208984
60.00014114379883
59.99955368041992
60.00000762939453
60.00003433227539
59.99974060058594
60.00014114379883
59.99982452392578
60.00020217895508
59.99930191040039
59.998531341552734
60.000083923339844
60.00156784057617
59.99806594848633
59.99990463256836
60.00056457519531
60.00002670288086
59.99782943725586
60.002166748046875
60.000118255615234
60.00004196166992
60.000003814697266
60.00025939941406
59.99964141845703
60.00020980834961
60.00299835205078
59.99923324584961
59.99992370605469
59.99958419799805
59.99953079223633
59.99995422363281
60.003318786621094
60.002235412597656
60.00505065917969
60.008113861083984
60.00206756591797
60.00115966796875
60.00001907348633
59.99983596801758
59.99966049194336
59.99837112426758
59.99899673461914
59.9997444152832
59.99961471557617
60.000099182128906
59.999759674072266
59.9996452331543
59.99958038330078
60.00010681152344
59.99982452392578
59.999786376953125
60.00000762939453
59.99966812133789
60.00001907348633
60.00100326538086
60.00103759765625
59.99998092651367
59.99992370605469
59.99994659423828
59.99989318847656
60.0
60.00201416015625
59.99995422363281
60.00026321411133
59.99998474121094
60.00154495239258
59.999900817871094
59.99686813354492
59.9986572265625
59.998836517333984
59.997440338134766
59.9941291809082
59.99990463256836
60.000022888183594
59.999568939208984
59.99982452392578
59.99516677856445
59.99966049194336
59.99940490722656
59.99944305419922
60.006187438964844
59.999759674072266
59.999359130859375
59.998714447021484
59.99592971801758
59.999332427978516
59.99757385253906
59.99563980102539
59.99977111816406
59.999778747558594
59.99935531616211
59.99972152709961
60.00000762939453
59.99978256225586
59.99998092651367
59.999961853027344
60.00006866455078
59.99997329711914
60.00006103515625
60.000736236572266
59.999900817871094
60.00003433227539
60.00067901611328
59.99966812133789
59.99999237060547
59.99998092651367
60.000362396240234
59.99962615966797
59.99970626831055
59.999183654785156
60.001014709472656
59.99979019165039
59.999969482421875
60.000083923339844
60.00091552734375
59.99956130981445
60.00007247924805
59.997718811035156
59.99993896484375
59.99995040893555
60.00001907348633
60.000064849853516
60.00008773803711
60.00164031982422
60.001827239990234
60.000030517578125
60.0
60.00015640258789
59.99994659423828
60.000030517578125
60.00215148925781
59.99976348876953
59.998104095458984
60.000030517578125
59.99932098388672
60.00123596191406
60.000125885009766
60.0
59.99961853027344
59.99962615966797
60.00004577636719
59.999900817871094
59.99958038330078
60.00004959106445
59.99998092651367
59.99932098388672
60.000221252441406
60.000083923339844
59.99993896484375
60.00008773803711
60.00041198730469
60.000484466552734
60.001583099365234
60.00019836425781
59.999874114990234
59.99851608276367
60.000755310058594
60.00029373168945
60.000267028808594
60.00358200073242
60.00010681152344
60.001949310302734
60.00281524658203
60.000362396240234
60.003013610839844
59.99983215332031
60.00061798095703
60.0028076171875
60.004913330078125
60.00040817260742
60.003143310546875
59.99957275390625
60.00527572631836
60.00045394897461
60.000247955322266
60.00045394897461
60.00129699707031
59.99995803833008
60.001731872558594
60.007057189941406
60.001121520996094
60.00223922729492
60.00033187866211
60.000267028808594
60.00017547607422
60.004154205322266
60.00023651123047
60.00273895263672
60.00480651855469
60.000213623046875
60.00090408325195
60.002017974853516
59.999969482421875
60.001129150390625
60.00029754638672
60.000030517578125
60.001853942871094
60.000946044921875
60.000118255615234
60.00058364868164
59.99995040893555
60.00385665893555
60.000816345214844
60.000709533691406
59.99997329711914
60.00065994262695
60.00020980834961
60.00031280517578
60.000972747802734
60.00005340576172
59.99995040893555
60.00041961669922
60.000038146972656
59.999881744384766
60.000179290771484
60.00058364868164
60.00068283081055
60.00030517578125
60.001468658447266
60.002315521240234
59.99991989135742
60.00163269042969
59.99998092651367
60.000022888183594
60.00000762939453
60.001407623291016
60.00173568725586
60.00056457519531
60.00022888183594
60.00003433227539
59.9998779296875
60.00041961669922
60.000343322753906
60.000911712646484
60.000362396240234
60.00053787231445
60.000396728515625
60.00001525878906
60.00030517578125
59.999900817871094
60.00087356567383
60.00004577636719
60.000244140625
60.00020217895508
59.99993896484375
60.000370025634766
59.999874114990234
60.000099182128906
60.017147064208984
60.00126266479492
60.00019073486328
60.000431060791016
60.00072479248047
60.0020866394043
60.0
60.00007629394531
60.000057220458984
60.000247955322266
60.000240325927734
60.00027847290039
60.00000762939453
60.001060485839844
59.999977111816406
59.99995803833008
60.000022888183594
59.99995422363281
60.00330352783203
60.00138473510742
59.999359130859375
60.00013732910156
60.000244140625
60.00129318237305
59.99985122680664
59.998600006103516
60.000240325927734
60.00166702270508
59.99980163574219
59.99903106689453
59.99977111816406
60.000335693359375
60.004024505615234
60.00056076049805
60.000030517578125
60.00022888183594
60.00004577636719
60.0008430480957
59.99909591674805
60.000125885009766
60.00001907348633
60.00033187866211
59.99968719482422
59.99971008300781
60.0001335144043
60.00001907348633
60.00025939941406
60.00028991699219
60.00010299682617
60.000160217285156
60.00027847290039
60.00005340576172
60.00103759765625
60.00223922729492
60.000247955322266
60.000999450683594
60.000038146972656
60.00025177001953
60.00019836425781
60.000579833984375
60.0064811706543
60.000205993652344
59.99999237060547
60.00093460083008
60.00026321411133
60.0001335144043
59.999900817871094
60.000030517578125
60.00105285644531
60.0004768371582
60.0009765625
60.002593994140625
60.00059509277344
60.00290298461914
60.00235366821289
60.000465393066406
60.00091552734375
59.99946212768555
60.00172424316406
60.000301361083984
60.002166748046875
60.000267028808594
60.00209426879883
60.003807067871094
60.000709533691406
60.00101852416992
60.00110626220703
60.0001335144043
60.000064849853516
60.000274658203125
59.999385833740234
60.000003814697266
60.00457763671875
60.001182556152344
60.000335693359375
60.00015640258789
60.001102447509766
60.00046157836914
60.00269317626953
60.00064468383789
59.999900817871094
59.99994659423828
60.000030517578125
59.99995803833008
59.99993133544922
60.00038528442383
60.00000762939453
60.00047302246094
60.0000114440918
60.00176239013672
60.00130081176758
59.99999237060547
59.999996185302734
60.00114440917969
59.9999885559082
60.000099182128906
60.000633239746094
60.00004959106445
60.00865173339844
59.997379302978516
60.000064849853516
59.9984245300293
59.99958038330078
59.999900817871094
59.999786376953125
59.99955368041992
60.000213623046875
60.000362396240234
59.99989700317383
60.0008430480957
59.99992370605469
60.00402069091797
60.00009536743164
60.00000762939453
59.99995422363281
60.00008773803711
60.001304626464844
60.000003814697266
59.99955749511719
60.00013732910156
59.99951171875
59.99995422363281
59.999961853027344
60.00000762939453
60.000057220458984
60.00010299682617
60.00001907348633
60.00017547607422
60.000186920166016
60.00065994262695
60.0007209777832
60.0002555847168
60.00006866455078
59.99974060058594
59.999977111816406
60.00010299682617
60.00135803222656
60.000038146972656
60.00028610229492
60.00092315673828
60.00007629394531
60.00059509277344
60.000057220458984
59.999961853027344
60.00021743774414
60.00082015991211
60.003257751464844
60.000144958496094
60.00131607055664
60.00022506713867
60.0001106262207
60.00005340576172
60.00067138671875
60.00001907348633
60.00006866455078
60.00016784667969
59.99994659423828
60.003414154052734
60.00062942504883
59.999969482421875
59.999874114990234
60.00178527832031
60.00017166137695
60.00004577636719
60.00059509277344
60.000118255615234
60.0022087097168
60.00276184082031
60.00059509277344
60.000205993652344
60.00115966796875
60.00048828125
60.0004997253418
60.00008010864258
60.00132369995117
60.00031280517578
59.99995803833008
60.00074768066406
60.000030517578125
60.00034713745117
60.0003547668457
59.99974060058594
59.999996185302734
59.99993133544922
60.000999450683594
59.998435974121094
59.99964904785156
59.999855041503906
60.001583099365234
60.00002670288086
60.00007247924805
59.99997329711914
59.99946975708008
59.99999237060547
60.00322723388672
60.000152587890625
60.001220703125
60.00079345703125
59.999935150146484
60.00076675415039
60.00047302246094
60.00053787231445
59.999996185302734
60.0001106262207
60.00000762939453
60.00029373168945
59.999996185302734
60.00041198730469
60.00035095214844
60.000064849853516
60.00005340576172
60.000640869140625
60.000823974609375
60.00001907348633
60.00021743774414
60.00001907348633
60.00246810913086
60.00026321411133
60.00010681152344
60.00033950805664
59.99996566772461
60.001441955566406
60.000022888183594
60.00049591064453
60.00041580200195
60.00004196166992
60.000038146972656
59.99983215332031
59.99960708618164
60.0005989074707
60.00387954711914
59.99984359741211
59.99967575073242
60.00019073486328
59.99985885620117
60.00171661376953
60.00205993652344
59.99995803833008
60.003360748291016
59.999752044677734
59.999935150146484
60.00028991699219
60.00006866455078
60.0001106262207
60.00023651123047
59.999637603759766
59.99967956542969
59.99998092651367
60.00001525878906
60.001060485839844
60.000022888183594
59.99991989135742
60.00006866455078
59.99972152709961
59.998863220214844
59.999385833740234
59.99967575073242
59.999473571777344
60.00181198120117
60.000160217285156
60.00129318237305
60.002437591552734
60.001556396484375
60.00146484375
60.0006217956543
59.99995422363281
59.999847412109375
59.9999885559082
59.9994010925293
59.99994659423828
60.000709533691406
60.00030517578125
60.00010299682617
60.000919342041016
59.999969482421875
60.00038146972656
59.998931884765625
60.00169372558594
60.000030517578125
59.999935150146484
60.00106430053711
60.00000762939453
60.00130081176758
59.998741149902344
59.999610900878906
59.999732971191406
60.000091552734375
60.00161361694336
60.00022506713867
59.99984359741211
60.0000114440918
60.000450134277344
60.00090026855469
60.00020217895508
60.000545501708984
60.009849548339844
60.00054931640625
60.00033950805664
60.00584411621094
60.00038146972656
60.00090026855469
60.000205993652344
60.002235412597656
60.000999450683594
59.99994659423828
59.99995040893555
60.000606536865234
59.99786376953125
60.00309371948242
60.000431060791016
60.000885009765625
59.999717712402344
59.9996452331543
59.99993896484375
60.000667572021484
60.00099182128906
60.00151062011719
59.99941635131836
60.00052261352539
60.00030517578125
60.00029373168945
60.002323150634766
60.000205993652344
60.00285339355469
60.002864837646484
60.00010299682617
60.0001220703125
60.00042724609375
60.00057601928711
59.99979782104492
60.00236892700195
60.00015640258789
60.00016403198242
60.00032043457031
60.00006866455078
60.000274658203125
60.000152587890625
59.999969482421875
60.00038528442383
59.99971008300781
59.99992370605469
60.00067138671875
60.00016403198242
59.999717712402344
59.99978256225586
60.000057220458984
59.999881744384766
60.000450134277344
60.00010681152344
60.00006103515625
60.000022888183594
60.00203323364258
60.00002670288086
59.99997329711914
60.0003547668457
60.000099182128906
60.00175857543945
59.99990463256836
60.00032043457031
60.00008010864258
60.00053024291992
60.00041580200195
59.99997329711914
60.00001907348633
60.00052261352539
60.00010681152344
60.00028991699219
60.00199508666992
59.99997329711914
60.00238037109375
60.00109100341797
60.00010299682617
60.00030517578125
60.000701904296875
60.000640869140625
59.999935150146484
60.00027847290039
60.00001907348633
59.999595642089844
60.00149154663086
59.999977111816406
60.00194549560547
60.000003814697266
60.00026321411133
60.0004997253418
60.00063705444336
60.00264358520508
60.0004768371582
60.001548767089844
60.001495361328125
60.0001220703125
60.00140380859375
60.00065612792969
60.00183868408203
59.99897384643555
59.999698638916016
60.00003433227539
60.0000114440918
60.000118255615234
59.999969482421875
60.000030517578125
59.999942779541016
59.99995040893555
60.00084686279297
60.00246810913086
60.00034713745117
60.00122833251953
60.000694274902344
60.00010681152344
60.00102996826172
60.00132369995117
60.000938415527344
60.00019073486328
60.0012321472168
60.00011444091797
60.000244140625
60.00019454956055
60.000526428222656
59.999107360839844
60.00003433227539
60.00008010864258
60.00004959106445
59.999656677246094
60.000919342041016
60.00083541870117
59.99997329711914
60.00007629394531
59.99998092651367
60.00063705444336
60.00014877319336
59.99946212768555
59.99965286254883
60.00117111206055
60.00105667114258
60.00109100341797
60.0009765625
60.000152587890625
59.99913787841797
59.999881744384766
60.000972747802734
60.00014114379883
59.99968338012695
60.00020217895508
60.000328063964844
60.00015640258789
60.00005340576172
60.00060272216797
60.000030517578125
59.9999885559082
60.00004577636719
59.99994659423828
59.9999885559082
59.999908447265625
60.000057220458984
59.999969482421875
60.00016784667969
60.000179290771484
60.00025177001953
60.00041961669922
60.0
60.0000114440918
60.00017166137695
59.99845886230469
60.00126647949219
59.99887466430664
59.99982833862305
59.99892807006836
59.99983596801758
59.996612548828125
59.99524688720703
59.98456573486328
60.00009536743164
59.99640655517578
59.997982025146484
59.9984016418457
59.99915313720703
59.999691009521484
59.988525390625
59.99854278564453
59.99917221069336
59.99692153930664
59.99884033203125
59.99420166015625
59.995941162109375
59.994529724121094
59.998558044433594
59.99714660644531
59.99951171875
59.996944427490234
59.998756408691406
59.996803283691406
59.99907684326172
59.99855041503906
59.9993782043457
59.99979782104492
59.996856689453125
59.998008728027344
59.99893569946289
59.99958038330078
59.99971008300781
59.997249603271484
59.999267578125
59.99993896484375
60.000099182128906
60.001399993896484
60.00032424926758
60.00335693359375
60.001678466796875
59.998817443847656
59.99250793457031
59.99374008178711
59.9984130859375
60.002220153808594
60.000911712646484
60.00149154663086
59.998741149902344
60.00122833251953
59.999507904052734
59.996917724609375
59.999671936035156
60.00786590576172
60.00315856933594
60.02114486694336
59.99872589111328
60.003517150878906
60.00457000732422
59.991844177246094
59.997337341308594
59.99387741088867
60.00033950805664
59.999267578125
60.00135040283203
59.99637222290039
59.996665954589844
59.996185302734375
60.00022888183594
59.9984245300293
60.00590133666992
60.00709915161133
59.997161865234375
60.00373458862305
60.002071380615234
59.99802017211914
60.00133514404297
59.9986686706543
59.99830627441406
59.99880599975586
59.999446868896484
60.0015869140625
59.997825622558594
59.99892044067383
59.99744415283203
59.99791717529297
59.99928283691406
59.96460723876953
59.99997329711914
59.99958801269531
59.96522903442383
60.030616760253906
60.011539459228516
60.00077819824219
60.00218963623047
59.998329162597656
59.9975700378418
59.996337890625
59.99997329711914
60.000640869140625
59.99814987182617
59.9991455078125
59.999534606933594
59.97105407714844
59.999446868896484
59.99763488769531
59.971492767333984
60.00144958496094
60.00284194946289
59.99999237060547
59.999794006347656
60.002079010009766
59.99541473388672
59.996429443359375
59.998722076416016
59.999446868896484
59.99679183959961
60.00325393676758
59.97636032104492
59.99679183959961
59.99366760253906
60.003753662109375
60.00314712524414
60.0036506652832
60.00328826904297
60.01315689086914
59.992313385009766
59.995018005371094
59.9974365234375
59.99655532836914
60.018001556396484
60.000694274902344
60.00021743774414
59.991573333740234
59.99970626831055
59.99842071533203
60.000144958496094
59.99920654296875
60.000648498535156
59.99087905883789
59.99978256225586
60.00071716308594
59.9939079284668
59.99966049194336
59.993038177490234
59.990962982177734
59.98786544799805
60.00022506713867
59.997215270996094
59.98423385620117
59.9893798828125
59.999786376953125
60.00287628173828
59.99747085571289
59.98777770996094
59.994781494140625
59.9970588684082
60.00548553466797
59.994537353515625
59.99479675292969
59.9901008605957
59.993690490722656
59.99779510498047
59.998294830322266
60.000797271728516
59.9919319152832
59.9921760559082
59.9782829284668
59.9935302734375
59.98942565917969
60.00456237792969
60.00396728515625
60.00016784667969
60.00034713745117
60.00092315673828
60.00269317626953
60.006988525390625
59.999671936035156
60.00559997558594
60.00155258178711
59.99834442138672
59.966732025146484
60.00053024291992
59.988460540771484
59.977046966552734
59.99238586425781
59.994258880615234
59.997291564941406
59.991241455078125
59.9809455871582
59.84392166137695
59.99270248413086
59.99948501586914
59.994564056396484
60.0003776550293
59.99738311767578
59.996761322021484
59.98694610595703
59.998146057128906
59.99929428100586
59.998619079589844
59.99394607543945
59.99728012084961
59.98854064941406
59.99822998046875
59.99793243408203
60.00062561035156
60.00156784057617
59.99992752075195
60.01034164428711
60.00797653198242
60.000247955322266
59.99555587768555
60.00503158569336
60.0013427734375
59.987083435058594
59.931339263916016
59.94713592529297
60.008602142333984
60.010643005371094
59.995121002197266
59.993465423583984
60.00323486328125
59.999576568603516
59.9986686706543
60.0213737487793
60.0484504699707
59.999412536621094
60.002559661865234
59.99980926513672
60.00069046020508
59.99895095825195
60.00117111206055
60.0001220703125
59.99790573120117
59.995906829833984
59.99169158935547
59.947731018066406
59.99973678588867
60.00025939941406
59.985572814941406
59.99209976196289
60.00204849243164
60.000511169433594
59.99935531616211
59.99812316894531
59.99872970581055
59.98760986328125
59.99491882324219
59.99761199951172
59.99787902832031
59.99798583984375
59.99657440185547
59.99362564086914
59.997459411621094
60.00459289550781
60.0004768371582
59.970340728759766
59.978424072265625
59.990901947021484
60.011390686035156
59.99757385253906
59.97989273071289
59.9990348815918
60.000885009765625
60.00761413574219
59.99990463256836
60.00013732910156
60.00031661987305
59.99806213378906
60.00031661987305
59.999568939208984
59.999507904052734
59.999942779541016
59.999088287353516
60.00436782836914
59.999717712402344
59.999298095703125
60.001251220703125
60.00232696533203
60.000247955322266
60.0023307800293
60.00010299682617
60.00403594970703
60.00740051269531
60.001102447509766
59.99968338012695
60.00432205200195
60.00349426269531
60.0012092590332
60.00395965576172
60.00077819824219
60.00254440307617
60.002845764160156
60.00141143798828
59.999900817871094
60.00707244873047
60.001747131347656
60.00190734863281
60.00075149536133
59.999061584472656
59.99845886230469
60.001220703125
60.00033950805664
60.00157165527344
60.0029411315918
60.00469207763672
60.00048065185547
59.99994659423828
60.00114059448242
60.01030731201172
60.000553131103516
60.001373291015625
59.997554779052734
60.00071334838867
60.002742767333984
59.99639892578125
60.00444412231445
60.00302505493164
60.004173278808594
60.00125503540039
59.99440002441406
60.006202697753906
60.00197982788086
59.996009826660156
59.995567321777344
60.004417419433594
59.99626159667969
60.00960159301758
60.00096893310547
59.9994010925293
60.00702667236328
60.0013313293457
59.99998092651367
59.99595642089844
60.00129699707031
59.996490478515625
60.001277923583984
60.00102233886719
60.000640869140625
59.99979782104492
59.99760437011719
60.00020217895508
60.00107192993164
60.00178146362305
60.00181579589844
59.99962615966797
60.003623962402344
60.00545883178711
60.00031661987305
60.002071380615234
60.00197219848633
60.00086212158203
60.0015754699707
60.002464294433594
60.00469207763672
60.00456619262695
60.00075912475586
60.001399993896484
60.000125885009766
59.999813079833984
60.0002326965332
60.00547790527344
60.000492095947266
60.00346755981445
60.00315475463867
59.999908447265625
59.99937438964844
60.001426696777344
60.002994537353516
59.999488830566406
60.00442123413086
60.000240325927734
60.00712966918945
60.00034713745117
60.00178909301758
59.99664306640625
59.999061584472656
59.99980926513672
59.99955368041992
59.999000549316406
60.010406494140625
60.0001106262207
60.00013732910156
59.99979019165039
60.00263595581055
60.006736755371094
60.0050163269043
60.00352478027344
60.000919342041016
60.00062942504883
60.00200653076172
60.00190734863281
59.99708938598633
59.99915313720703
60.00017166137695
60.001094818115234
60.00111389160156
60.00923538208008
60.00074768066406
59.996925354003906
60.00031661987305
59.99956130981445
60.00392150878906
59.998191833496094
59.99843215942383
60.00061798095703
60.001220703125
60.00342559814453
60.000675201416016
59.999794006347656
60.000423431396484
60.004520416259766
60.000370025634766
60.01633071899414
59.99983596801758
60.00172805786133
60.000343322753906
60.00178909301758
60.01152801513672
60.00376510620117
60.00014877319336
60.00083923339844
60.00049591064453
60.005279541015625
60.00021743774414
60.00081253051758
60.00949478149414
60.000328063964844
59.999752044677734
59.99760818481445
60.00082778930664
60.00474548339844
59.99781036376953
60.002933502197266
60.02687454223633
59.99660110473633
59.99675369262695
60.0014533996582
59.99696350097656
60.006351470947266
60.00524139404297
60.00154113769531
60.00961685180664
60.00022506713867
60.01553726196289
60.00083541870117
60.0022087097168
60.01271057128906
60.00537872314453
60.00017547607422
60.002437591552734
59.99415969848633
60.00489807128906
59.999454498291016
59.997928619384766
59.998443603515625
60.02236557006836
60.01306915283203
59.99850082397461
60.013309478759766
60.00019836425781
60.023681640625
59.99721908569336
59.99980545043945
60.00117111206055
60.00094985961914
59.99901580810547
60.01277542114258
60.01607131958008
59.998512268066406
60.00075912475586
60.00468063354492
60.00130844116211
60.009620666503906
60.003536224365234
59.997493743896484
60.000274658203125
60.00020217895508
60.000404357910156
60.001747131347656
60.00423812866211
60.000728607177734
60.001747131347656
60.000247955322266
60.00031280517578
60.00062942504883
60.00115966796875
59.9994010925293
60.000022888183594
59.99966049194336
60.00053024291992
59.99941635131836
60.0041618347168
60.00045394897461
59.996707916259766
60.007667541503906
60.00270080566406
60.00599670410156
60.00679016113281
60.001251220703125
60.01329040527344
60.00225067138672
60.00757598876953
60.00034713745117
60.00164031982422
60.0031623840332
60.0022087097168
60.00113296508789
60.0029411315918
60.00556564331055
60.00542068481445
60.00255584716797
59.999114990234375
60.00560760498047
60.00069808959961
60.00234603881836
60.00408935546875
59.999942779541016
60.001956939697266
60.00165939331055
60.004493713378906
60.01083755493164
60.01118850708008
60.01991653442383
60.007469177246094
60.01728439331055
60.02066421508789
60.00297164916992
60.010093688964844
60.010799407958984
60.005279541015625
60.00959014892578
60.0084228515625
60.00123977661133
60.0031623840332
60.004032135009766
60.011661529541016
60.0065803527832
60.0068359375
60.00945281982422
60.012786865234375
60.01667785644531
60.01669692993164
60.002708435058594
60.01536560058594
60.00479507446289
60.020259857177734
60.00187301635742
60.00083541870117
60.00582504272461
60.000633239746094
60.00238037109375
60.0052375793457
59.99980545043945
60.004051208496094
60.014503479003906
60.00076675415039
60.00225830078125
60.00543975830078
60.002960205078125
60.00242614746094
60.000362396240234
60.00592803955078
60.00348663330078
60.010841369628906
60.00346755981445
60.00288391113281
60.00102233886719
60.002994537353516
60.01991271972656
60.00090026855469
60.001800537109375
60.00020217895508
60.01815414428711
60.005916595458984
60.00840377807617
60.008663177490234
60.00709533691406
60.00886154174805
60.005897521972656
59.99778747558594
60.001468658447266
60.01060485839844
60.00223159790039
60.00239181518555
60.000919342041016
59.99959945678711
59.999420166015625
60.00608444213867
59.98230743408203
59.988765716552734
60.00527572631836
59.999786376953125
60.00439453125
59.9995231628418
60.00052261352539
60.00372314453125
60.003700256347656
60.00126266479492
60.001529693603516
60.00676345825195
60.011600494384766
60.00366973876953
60.00835037231445
60.00244140625
60.00684356689453
60.001461029052734
60.00410461425781
60.0082893371582
60.00883483886719
60.013099670410156
59.99919509887695
60.00588607788086
60.013484954833984
60.005489349365234
60.00871658325195
60.001155853271484
59.99991226196289
59.99882125854492
60.004295349121094
60.005306243896484
60.00423049926758
60.00150680541992
60.01104736328125
60.00262451171875
60.014556884765625
60.01308059692383
60.00379180908203
60.00675964355469
60.001251220703125
60.00178527832031
60.004493713378906
60.00537109375
60.006187438964844
60.00697326660156
60.00682830810547
60.007476806640625
60.00259780883789
60.00799560546875
60.00519943237305
60.0090217590332
60.000457763671875
60.002899169921875
60.00233459472656
60.00642395019531
60.0004768371582
60.002315521240234
60.00233459472656
60.002349853515625
59.99992370605469
60.00574493408203
60.00148010253906
60.0054931640625
60.00278854370117
60.03212356567383
60.00373458862305
60.008724212646484
60.007568359375
60.01036071777344
60.02849197387695
60.01667785644531
60.01871871948242
60.02653503417969
60.001590728759766
60.01638412475586
60.0052375793457
60.01460647583008
60.00145721435547
60.01118087768555
60.01621627807617
60.001712799072266
60.0010986328125
60.00047302246094
60.002838134765625
60.00370788574219
60.00463104248047
60.001914978027344
60.04289627075195
60.00588607788086
60.015533447265625
60.009883880615234
60.00670623779297
60.01557159423828
60.01417922973633
60.0073127746582
60.0022087097168
60.000919342041016
60.003353118896484
60.029579162597656
60.00736618041992
60.006221771240234
60.00426483154297
60.01408004760742
60.005882263183594
59.997066497802734
60.00654602050781
60.003971099853516
60.011322021484375
60.00461196899414
60.00276184082031
60.004112243652344
60.012630462646484
60.004119873046875
60.00473403930664
60.00111770629883
60.012020111083984
60.00602340698242
60.0060920715332
60.008094787597656
60.00432205200195
60.00373840332031
60.00855255126953
60.00556564331055
60.00305938720703
60.00770568847656
60.009944915771484
60.01378631591797
60.004905700683594
60.0062255859375
60.00981140136719
60.01739501953125
60.00414276123047
60.004127502441406
60.00022888183594
60.00026321411133
60.01003646850586
60.00185775756836
60.005882263183594
60.001617431640625
60.00822830200195
60.0009651184082
60.00113296508789
60.00056838989258
60.00550842285156
59.99776840209961
60.00209426879883
60.0019416809082
59.998817443847656
60.01811218261719
60.00701904296875
60.004417419433594
60.00373840332031
60.003108978271484
60.005470275878906
60.009498596191406
60.00364303588867
60.09517288208008
60.01345443725586
60.00452423095703
60.007118225097656
60.00254821777344
60.00493621826172
60.00301742553711
60.005680084228516
60.001914978027344
60.003753662109375
60.00834655761719
60.00048828125
60.002197265625
60.00120162963867
60.002227783203125
60.00547790527344
60.00077819824219
60.00093078613281
60.00023651123047
60.00479507446289
60.0035400390625
60.000709533691406
60.000911712646484
60.002845764160156
60.00041961669922
60.00297164916992
60.0013427734375
60.00032424926758
60.00143814086914
60.000999450683594
60.00190734863281
60.00162887573242
60.002315521240234
60.002872467041016
60.000980377197266
60.001041412353516
60.003990173339844
60.001922607421875
60.00092315673828
59.9997673034668
60.004417419433594
60.00156784057617
60.00444030761719
60.001792907714844
60.00022888183594
60.00082778930664
60.005210876464844
60.00032043457031
60.00246810913086
60.002647399902344
60.00215148925781
60.00115203857422
60.003440856933594
60.00055694580078
60.0012321472168
60.0048713684082
60.004432678222656
60.00632095336914
60.00125503540039
60.005226135253906
60.00206756591797
60.0015983581543
60.00089645385742
60.00007247924805
60.0032958984375
59.99968338012695
60.002899169921875
60.00080490112305
60.00056076049805
60.005470275878906
60.002044677734375
60.0007209777832
60.002098083496094
60.00244903564453
59.99934768676758
60.0022087097168
60.00137710571289
60.00091552734375
59.9996452331543
60.00390625
60.0018424987793
60.00227737426758
59.99948501586914
60.00167465209961
60.00048065185547
60.00161361694336
60.0001106262207
59.99932861328125
60.0034065246582
60.00059509277344
60.005245208740234
60.00556564331055
60.009517669677734
60.007015228271484
60.0019645690918
60.006954193115234
60.00691604614258
60.00600051879883
60.00094985961914
59.99977111816406
60.00143051147461
60.0003662109375
59.99995040893555
60.00138854980469
59.99993896484375
60.000587463378906
60.009578704833984
60.00020217895508
60.003780364990234
60.00339889526367
60.001380920410156
60.003395080566406
60.00526428222656
60.00054931640625
60.002986907958984
60.00547790527344
60.00162887573242
60.00334930419922
60.005027770996094
60.00615692138672
60.00200653076172
60.008453369140625
60.000030517578125
59.99991226196289
60.00184631347656
59.99968338012695
59.99886703491211
60.00572204589844
60.00464630126953
60.00096893310547
60.005645751953125
60.00529098510742
60.00318145751953
60.00022888183594
60.00216293334961
59.99982452392578
60.00183868408203
60.00263214111328
60.00197982788086
60.002830505371094
60.00498962402344
60.0001335144043
59.99991989135742
59.99891662597656
59.9984245300293
60.00034713745117
59.999996185302734
60.00027084350586
60.00023651123047
59.99928283691406
60.000186920166016
59.999969482421875
59.99942398071289
60.00104522705078
60.003963470458984
60.006412506103516
60.00419235229492
60.004493713378906
60.00189971923828
60.00115966796875
60.001033782958984
60.001399993896484
60.000308990478516
60.00107955932617
60.00007629394531
60.00018310546875
60.001686096191406
60.001380920410156
60.0018424987793
60.00242614746094
60.02692794799805
60.002960205078125
60.0040168762207
60.007747650146484
60.001251220703125
60.01150894165039
60.000999450683594
60.00050354003906
60.0009651184082
60.00045394897461
60.01232147216797
60.003273010253906
60.00695037841797
60.000091552734375
60.00169372558594
60.006019592285156
60.00419998168945
60.00043487548828
60.00666809082031
60.00237274169922
60.00039291381836
60.00577163696289
60.0008659362793
59.999183654785156
60.00357437133789
59.997703552246094
60.00102615356445
59.99980163574219
60.012611389160156
60.00240707397461
60.017242431640625
59.99787139892578
60.003562927246094
59.99848175048828
60.00236892700195
60.00013732910156
60.008216857910156
60.00535202026367
60.0020866394043
60.011436462402344
60.00166702270508
60.008766174316406
60.00014877319336
59.99997329711914
60.001495361328125
60.00014877319336
60.002017974853516
59.99944305419922
60.00353240966797
60.00165557861328
60.00049591064453
59.999515533447266
59.996150970458984
59.995391845703125
60.00456619262695
60.00014877319336
59.99744415283203
59.99751281738281
60.009063720703125
60.01697540283203
59.997371673583984
60.01411056518555
60.01822280883789
60.09144973754883
60.02437210083008
60.01318359375
60.013641357421875
60.01824188232422
59.96316909790039
60.00482177734375
60.02217102050781
60.11699676513672
60.02500915527344
60.01005172729492
60.02023696899414
60.05629348754883
60.03560256958008
59.98483657836914
60.00578689575195
60.02524948120117
60.01604461669922
60.008785247802734
60.01466751098633
59.99992752075195
59.99738693237305
59.994781494140625
59.9923210144043
60.00020217895508
60.00885009765625
59.99943542480469
59.996315002441406
60.00023651123047
60.000247955322266
60.00199890136719
60.00111770629883
60.00033950805664
59.98725509643555
59.99990463256836
59.99815368652344
60.001312255859375
60.00098419189453
59.997982025146484
59.99283981323242
59.99437713623047
59.99885559082031
59.99778747558594
59.98436737060547
59.989585876464844
59.993709564208984
60.00082015991211
59.99962615966797
60.003082275390625
60.0018310546875
59.99977111816406
59.999446868896484
59.9866828918457
59.993408203125
59.99382781982422
59.996337890625
59.99689483642578
59.98619079589844
59.99440383911133
60.00017547607422
59.99647521972656
59.997032165527344
59.99179458618164
59.998050689697266
59.998634338378906
59.99665451049805
59.98194885253906
59.99876022338867
59.999359130859375
59.999237060546875
60.001487731933594
60.00064468383789
59.999881744384766
60.00236892700195
59.995033264160156
60.009761810302734
59.999698638916016
60.00115203857422
59.998992919921875
60.004817962646484
60.00502014160156
59.971248626708984
59.97834396362305
59.9962158203125
59.97298049926758
59.99925231933594
59.98836135864258
60.00640106201172
60.000823974609375
60.002037048339844
60.00418472290039
59.995933532714844
60.00269317626953
60.013179779052734
60.00938415527344
60.00333023071289
60.02788543701172
60.021087646484375
60.03745651245117
60.00146484375
59.9995002746582
60.00360107421875
60.00570297241211
59.993309020996094
60.011627197265625
59.982662200927734
59.989322662353516
59.9896354675293
59.997154235839844
60.01229476928711
60.01118087768555
59.99495315551758
60.00236511230469
60.00045394897461
60.00090789794922
60.00313186645508
60.03560256958008
60.00187301635742
60.000823974609375
60.001956939697266
60.00626754760742
60.001678466796875
59.965370178222656
60.00768280029297
60.00246810913086
60.01155471801758
60.00212860107422
59.985111236572266
60.00168228149414
60.00012969970703
59.97758483886719
60.00285720825195
60.00069808959961
59.99702835083008
60.003353118896484
60.024566650390625
60.01079559326172
60.00136184692383
59.991573333740234
59.98053741455078
60.006629943847656
60.0018196105957
60.02023696899414
60.004581451416016
60.0289192199707
59.97169494628906
59.999656677246094
59.92884063720703
59.94355392456055
60.000091552734375
59.99987030029297
59.994117736816406
59.999664306640625
60.000125885009766
60.00046157836914
59.99838638305664
59.997283935546875
60.00049591064453
60.00226593017578
59.999183654785156
59.999393463134766
59.99976348876953
59.999393463134766
59.998531341552734
59.9986572265625
59.99859619140625
59.98713302612305
59.98225021362305
60.001556396484375
60.013282775878906
60.01641082763672
60.01746368408203
60.00682830810547
60.00578689575195
59.99973678588867
60.00148010253906
59.996681213378906
59.98774337768555
59.9957275390625
59.981834411621094
59.980857849121094
59.99911117553711
59.99766540527344
60.00059127807617
60.0003776550293
60.028709411621094
59.99077606201172
60.012813568115234
60.01779556274414
60.00740432739258
60.01553726196289
60.00166702270508
60.00137710571289
59.9920654296875
59.99103927612305
60.00400161743164
59.99163055419922
60.00124740600586
60.00300216674805
60.00043487548828
59.99843978881836
59.994720458984375
59.999691009521484
59.998756408691406
59.99637985229492
60.00322723388672
59.99822235107422
60.00143814086914
60.00004196166992
59.994354248046875
59.99908447265625
60.00224304199219
60.00391387939453
60.00163269042969
59.99949645996094
60.00070571899414
60.011234283447266
59.99785232543945
59.98490905761719
60.005096435546875
59.9986686706543
60.0008544921875
60.005863189697266
60.05433654785156
59.9988899230957
59.994388580322266
59.99943923950195
59.99904251098633
60.00104904174805
60.00115966796875
60.00138854980469
60.01812744140625
60.01183319091797
60.00520324707031
60.015472412109375
59.999454498291016
60.01780319213867
60.008670806884766
60.00369644165039
60.005218505859375
60.005149841308594
60.03395080566406
60.00679397583008
59.99589157104492
59.999977111816406
59.99811935424805
59.9986686706543
60.00677490234375
59.9998664855957
60.00002670288086
60.000885009765625
59.99967575073242
60.00043487548828
60.00006103515625
59.99998092651367
59.9999885559082
60.00022888183594
60.000057220458984
60.000831604003906
60.00049591064453
59.999393463134766
59.99982833862305
59.99995040893555
60.00007247924805
59.99885177612305
60.00078201293945
60.00017547607422
60.00038146972656
60.001670837402344
59.99958419799805
59.998653411865234
59.99979019165039
60.00114440917969
60.00022888183594
60.000762939453125
59.999515533447266
59.999610900878906
60.00041580200195
60.00043487548828
60.00027084350586
60.00042724609375
60.00129318237305
60.000083923339844
60.000362396240234
59.998348236083984
60.00013732910156
59.99985885620117
60.000648498535156
60.00041961669922
59.9999885559082
60.00032424926758
60.000244140625
60.000335693359375
59.99991989135742
60.00040817260742
60.00076675415039
60.00026321411133
60.00055694580078
60.00008010864258
59.99991989135742
60.001277923583984
60.00105667114258
60.000282287597656
60.00151443481445
60.00027084350586
59.999900817871094
60.0013313293457
60.00099182128906
59.99980163574219
60.000022888183594
60.00065612792969
60.001243591308594
60.000938415527344
60.00027084350586
59.99909973144531
60.00033950805664
59.99883270263672
60.0001106262207
59.99983596801758
60.0000114440918
60.000518798828125
59.999847412109375
59.99998092651367
60.0001220703125
59.997528076171875
59.99734878540039
59.99991989135742
59.99928283691406
60.000030517578125
60.00406265258789
60.00096893310547
60.000022888183594
60.00124740600586
59.99961471557617
60.000057220458984
60.00013732910156
60.00011444091797
60.000152587890625
59.999717712402344
59.999637603759766
59.999019622802734
59.99974822998047
59.99959945678711
59.99995040893555
60.000091552734375
59.99964904785156
60.000755310058594
60.000240325927734
59.99653244018555
60.00018310546875
59.999019622802734
60.00067138671875
60.00006103515625
60.000057220458984
59.9985237121582
59.998023986816406
60.00009536743164
60.000186920166016
59.999568939208984
60.000247955322266
60.000083923339844
59.99958419799805
60.00022888183594
59.999576568603516
60.00026321411133
59.99961853027344
59.999778747558594
60.000396728515625
59.99960708618164
59.99836730957031
59.99979019165039
59.99827194213867
60.00001525878906
59.99932861328125
59.9995231628418
59.999961853027344
60.00006866455078
60.00003433227539
59.999393463134766
60.00018310546875
59.99953842163086
59.999839782714844
59.997535705566406
59.99964141845703
60.000282287597656
60.00012969970703
60.000221252441406
60.000648498535156
60.001407623291016
60.00136947631836
60.00020980834961
60.001930236816406
60.00027847290039
59.99995803833008
60.00002670288086
59.99998474121094
59.99824523925781
59.99998474121094
59.99983596801758
60.00003433227539
59.99973678588867
59.99969482421875
60.001766204833984
60.000343322753906
59.99997329711914
60.00008773803711
59.99979019165039
60.00015640258789
59.99998474121094
59.99979782104492
59.99867248535156
59.9999885559082
59.999961853027344
60.00004959106445
59.99901580810547
60.00017547607422
59.99916076660156
59.999977111816406
59.99999237060547
60.00019073486328
59.999549865722656
60.000205993652344
59.9992561340332
60.00066375732422
60.000282287597656
59.99994659423828
60.00010681152344
60.00334167480469
59.999935150146484
59.99996566772461
60.00040054321289
60.00033187866211
60.00006866455078
59.99961853027344
60.00025177001953
60.000003814697266
59.999755859375
59.99997329711914
60.00087356567383
59.999698638916016
60.00004577636719
60.000732421875
60.00129318237305
60.0000114440918
60.00029754638672
60.00033187866211
59.999916076660156
60.00021743774414
60.000545501708984
60.00026321411133
60.00001907348633
60.00084686279297
60.000160217285156
60.00013732910156
60.000057220458984
60.00070571899414
60.000301361083984
60.00041580200195
59.999961853027344
60.00021743774414
60.000091552734375
60.000179290771484
60.00015640258789
59.999691009521484
60.00037384033203
60.00039291381836
59.99997329711914
59.99960708618164
60.00054168701172
59.999942779541016
60.00092315673828
60.0001106262207
59.99946975708008
59.99980545043945
59.99573516845703
60.000118255615234
60.00063705444336
59.998512268066406
60.00004959106445
59.99802780151367
59.999942779541016
59.996437072753906
59.99972152709961
59.99717330932617
59.99927520751953
59.998294830322266
59.95818328857422
59.999786376953125
59.99955749511719
60.00033950805664
60.00009536743164
59.99990463256836
60.00022888183594
59.99998092651367
60.00027084350586
60.00008773803711
60.001258850097656
60.00003433227539
60.00010299682617
59.99934768676758
59.997676849365234
60.000152587890625
59.9999885559082
59.999855041503906
59.99945831298828
59.9932746887207
60.00209045410156
60.002723693847656
59.99993896484375
59.99882888793945
59.999855041503906
59.99892807006836
59.99899673461914
59.99995040893555
60.00090026855469
60.000247955322266
60.00063705444336
60.001529693603516
59.99839782714844
59.99992370605469
59.99980926513672
59.99973678588867
59.99876022338867
59.99930953979492
60.0006103515625
60.00007247924805
59.99982833862305
59.99972152709961
59.999759674072266
60.00001525878906
60.00015640258789
59.99994659423828
60.00001525878906
60.00051498413086
60.000465393066406
59.99976348876953
59.99951934814453
59.99913787841797
60.00015640258789
60.000328063964844
59.999916076660156
60.00028610229492
60.000240325927734
59.99927520751953
59.9999885559082
59.99958419799805
60.000389099121094
59.99870300292969
60.00032424926758
59.9996337890625
59.999576568603516
60.000518798828125
60.00038146972656
59.99990463256836
59.99997329711914
59.9998664855957
60.000160217285156
60.00153732299805
60.000736236572266
60.00030517578125
60.00016403198242
60.00061798095703
60.00001525878906
59.999874114990234
60.00001907348633
59.999977111816406
60.0001220703125
60.00028610229492
60.00008773803711
60.00033950805664
60.0023078918457
59.99989700317383
60.00056076049805
60.000125885009766
60.00015640258789
60.00000762939453
59.99980163574219
60.00025177001953
60.00003433227539
60.00017547607422
59.99946594238281
60.00002670288086
59.9985466003418
59.99998092651367
60.00004196166992
60.00236511230469
59.99934387207031
59.99976348876953
59.99822235107422
60.00020980834961
60.000118255615234
60.00032043457031
60.00032043457031
60.0002326965332
60.000370025634766
60.00001525878906
59.99980163574219
59.99991989135742
60.0003776550293
59.9997444152832
60.00092697143555
60.000125885009766
60.00029373168945
59.99997329711914
59.999786376953125
60.0007438659668
59.999961853027344
60.00014877319336
60.0000114440918
60.002227783203125
59.99917984008789
60.00013732910156
60.00013732910156
59.99991989135742
59.999900817871094
60.00031280517578
59.999900817871094
59.99990463256836
60.00090026855469
59.99986267089844
60.00140380859375
60.00004959106445
60.00047302246094
60.00041198730469
60.000213623046875
60.00022506713867
59.99999237060547
60.00352478027344
60.00139236450195
59.99995803833008
60.000064849853516
60.000701904296875
60.001060485839844
60.00144958496094
59.99884796142578
59.999881744384766
59.999996185302734
60.00046157836914
60.00022506713867
59.99980926513672
59.99919509887695
59.995784759521484
59.99956130981445
60.00020980834961
60.00092697143555
59.99361801147461
60.0001335144043
60.00019073486328
59.999874114990234
60.00066375732422
59.999786376953125
59.99989318847656
60.00163269042969
59.994964599609375
60.0004768371582
59.9996223449707
60.000457763671875
60.000064849853516
60.00008773803711
59.99960708618164
60.001548767089844
60.000972747802734
60.000267028808594
60.00276565551758
59.99995422363281
60.00205993652344
60.000450134277344
60.00020980834961
60.00037384033203
60.00102615356445
60.00459289550781
60.001434326171875
60.00154495239258
60.00027847290039
59.999488830566406
60.00055694580078
60.000003814697266
60.00035095214844
60.0024299621582
60.000640869140625
60.001220703125
60.0030632019043
60.00040817260742
60.00078582763672
60.000694274902344
60.000701904296875
60.00049591064453
60.00044250488281
60.000831604003906
60.000144958496094
60.000450134277344
60.002506256103516
60.001731872558594
60.00093078613281
60.00017166137695
60.00316619873047
60.00711441040039
60.00108337402344
60.0019416809082
60.000579833984375
59.9991455078125
60.00077819824219
60.0000114440918
60.000274658203125
60.0
59.9997444152832
60.0001335144043
60.000267028808594
60.001304626464844
60.000282287597656
59.99966049194336
60.000038146972656
60.00006866455078
59.99999237060547
59.99992752075195
60.000396728515625
60.00014114379883
59.999935150146484
59.99991989135742
60.0
59.99976348876953
60.000125885009766
60.000205993652344
60.0003776550293
60.00139617919922
60.000484466552734
59.999298095703125
60.00014114379883
59.99954605102539
59.99998474121094
59.9998893737793
60.00014114379883
60.00008010864258
60.00018310546875
60.00006103515625
60.00053787231445
60.0
60.00012969970703
59.995269775390625
60.000972747802734
60.0009651184082
60.00050735473633
59.99922561645508
60.00148391723633
60.00049591064453
59.99888229370117
59.99900817871094
60.001853942871094
60.0008659362793
60.003910064697266
59.999114990234375
59.9997444152832
60.0
59.997615814208984
60.00078582763672
60.00000762939453
59.99985885620117
59.999786376953125
60.0004768371582
59.99983215332031
60.0002326965332
59.999324798583984
60.00028991699219
60.00066375732422
59.99995040893555
60.00067138671875
60.00082015991211
60.001102447509766
59.997982025146484
60.00099182128906
60.00162124633789
59.99998474121094
60.00022888183594
60.0003547668457
59.99809646606445
60.0014533996582
60.000518798828125
59.99996566772461
59.99986267089844
60.00065231323242
60.00063705444336
60.00008010864258
60.0010986328125
60.00008773803711
60.000972747802734
59.99898910522461
60.00048065185547
60.00116729736328
60.00033950805664
60.003204345703125
60.000091552734375
60.00185012817383
60.002471923828125
60.00173568725586
60.00151062011719
59.99949264526367
60.001014709472656
59.99345779418945
59.999366760253906
60.00000762939453
59.99901580810547
59.99875259399414
59.99983596801758
59.99956512451172
60.00088119506836
60.00156021118164
59.999969482421875
60.00041198730469
59.99853515625
60.000587463378906
60.00027847290039
60.00076675415039
60.00012969970703
59.99983596801758
60.00080871582031
60.001155853271484
60.00028610229492
60.00120162963867
60.0018310546875
60.00008010864258
60.001914978027344
60.001251220703125
60.000160217285156
60.00022888183594
60.00028991699219
59.99995422363281
59.99995803833008
60.000244140625
60.00010299682617
60.000362396240234
60.00062561035156
60.002662658691406
60.0001220703125
60.00180435180664
60.00127029418945
60.0007438659668
60.00091552734375
60.00060272216797
60.000694274902344
60.000789642333984
60.00246810913086
60.00101852416992
60.00124740600586
60.00105667114258
60.00027084350586
60.00010299682617
59.999900817871094
60.00002670288086
59.99929428100586
60.00009536743164
60.00210952758789
59.999061584472656
60.00165557861328
60.00068283081055
60.000728607177734
60.004825592041016
59.99980163574219
59.999916076660156
60.00385284423828
60.00127029418945
59.9990119934082
60.000213623046875
60.00004959106445
60.001407623291016
59.99990463256836
60.00031280517578
59.997642517089844
60.00065231323242
60.003360748291016
60.000579833984375
60.00624465942383
59.9995002746582
60.00529098510742
60.00021743774414
60.00310134887695
59.999267578125
60.004371643066406
59.99955749511719
60.000160217285156
60.002864837646484
59.99911880493164
60.001888275146484
59.999603271484375
59.99981689453125
60.001041412353516
59.9998893737793
60.000946044921875
59.999691009521484
60.00075149536133
59.99858093261719
60.001338958740234
59.99969482421875
60.00278091430664
59.99872970581055
59.99917984008789
60.00045394897461
59.99993133544922
59.99958038330078
59.99936294555664
59.999237060546875
59.99859619140625
59.99967575073242
59.99516677856445
59.99930953979492
60.00079345703125
59.999542236328125
60.000579833984375
59.999671936035156
60.000160217285156
59.999359130859375
59.99940490722656
60.001007080078125
60.000465393066406
60.003604888916016
60.00625228881836
59.99891662597656
60.00797653198242
59.99848175048828
59.997840881347656
59.999725341796875
60.00197982788086
60.00031661987305
60.0006103515625
59.99595642089844
60.002235412597656
60.000526428222656
60.00018310546875
59.99973678588867
59.99933624267578
59.99954605102539
59.99776840209961
59.99665832519531
60.000003814697266
60.00071334838867
60.000732421875
60.00016784667969
60.0001220703125
60.00017547607422
60.00041961669922
60.00019073486328
60.0009651184082
60.001155853271484
60.00056076049805
59.99994659423828
60.0010871887207
60.00082015991211
60.000308990478516
60.000396728515625
60.00155258178711
60.0009651184082
60.00056838989258
60.0004997253418
59.999080657958984
60.0015983581543
60.000064849853516
60.00045394897461
60.000328063964844
60.00116729736328
60.00151824951172
60.000553131103516
60.00031661987305
60.00043487548828
60.00018310546875
60.000709533691406
60.00027847290039
60.00031280517578
60.00098419189453
60.000457763671875
60.00103759765625
60.00116729736328
59.999839782714844
60.00046157836914
60.00058364868164
59.99699020385742
60.00072479248047
60.00046157836914
59.99779510498047
60.00162124633789
59.99967575073242
60.001304626464844
59.99704360961914
60.000057220458984
60.0012321472168
59.99984359741211
60.00061798095703
59.99894332885742
60.00002670288086
60.00045394897461
59.99888229370117
59.99195098876953
59.997867584228516
59.99872970581055
59.99522399902344
59.99391555786133
59.996395111083984
59.999290466308594
60.00224304199219
60.0005989074707
59.999996185302734
59.996910095214844
59.99942398071289
60.0021858215332
59.99849319458008
60.00077438354492
60.000736236572266
59.992576599121094
59.9997673034668
60.00096893310547
59.995853424072266
59.998897552490234
60.00121307373047
60.00286102294922
59.99319076538086
60.00018310546875
60.000244140625
60.000492095947266
60.00012969970703
60.00033950805664
60.00001525878906
60.00018310546875
59.99894332885742
60.002811431884766
59.99561309814453
60.0005989074707
60.00242614746094
60.00052261352539
60.00105667114258
60.00029754638672
60.00258255004883
59.99952697753906
60.00078582763672
60.00282669067383
59.999534606933594
59.998653411865234
60.002567291259766
59.999664306640625
60.00064468383789
60.008583068847656
59.99580764770508
60.005218505859375
60.007137298583984
60.00313949584961
60.0020637512207
60.001277923583984
60.0033073425293
60.00053024291992
59.99848937988281
60.000144958496094
60.00025939941406
59.99758529663086
60.00104904174805
60.000614166259766
60.00115966796875
60.00111770629883
60.00090026855469
60.00038146972656
60.00077819824219
60.00020980834961
59.99959182739258
60.00191879272461
60.00217819213867
60.0015754699707
59.99917984008789
60.00143051147461
60.00116729736328
59.99990463256836
60.000797271728516
59.99762725830078
59.999820709228516
60.001441955566406
60.00194549560547
60.000701904296875
59.99722671508789
60.003177642822266
59.996883392333984
60.003013610839844
59.99945068359375
60.000816345214844
60.00037384033203
59.999454498291016
60.00093460083008
60.0003547668457
60.00067138671875
60.000572204589844
60.00011444091797
60.00117874145508
60.00061798095703
60.00009536743164
60.00010681152344
59.999698638916016
60.00000762939453
60.002220153808594
60.00150680541992
59.9997444152832
60.009307861328125
60.00176239013672
60.002803802490234
59.99522399902344
59.99755096435547
59.997013092041016
59.9982795715332
59.99814987182617
60.00060272216797
60.00180435180664
60.000335693359375
59.99861526489258
59.99905014038086
59.998714447021484
59.99763107299805
59.9980583190918
59.99369812011719
59.99307632446289
60.00484085083008
59.999324798583984
60.00002670288086
60.00042724609375
59.99558639526367
60.00048065185547
59.999935150146484
59.9942626953125
60.00065231323242
59.996124267578125
59.9919319152832
59.993350982666016
60.00011444091797
60.00043869018555
59.999515533447266
59.99039077758789
59.99692153930664
60.00058364868164
60.00508117675781
59.991737365722656
59.99968338012695
60.00041580200195
59.99961853027344
60.005462646484375
60.0013427734375
59.99964141845703
59.99767303466797
60.002357482910156
59.99307632446289
59.99699401855469
59.99913787841797
60.001129150390625
59.99972152709961
60.00223922729492
59.992549896240234
59.99200439453125
59.99703598022461
59.99765396118164
59.999114990234375
60.00010299682617
59.9985466003418
59.99819564819336
59.99880599975586
59.998016357421875
59.99882507324219
60.0001335144043
60.00148391723633
60.00176239013672
59.993831634521484
59.999996185302734
59.996742248535156
59.99930953979492
60.00142288208008
60.00114822387695
60.00825119018555
60.00041580200195
60.00120162963867
59.99897003173828
60.000125885009766
60.00348663330078
60.002838134765625
59.998939514160156
59.99745178222656
60.00027084350586
59.9990119934082
59.99964904785156
59.99921417236328
60.00430679321289
60.00072479248047
60.00209045410156
60.00002670288086
59.996238708496094
59.99970245361328
59.999977111816406
59.99872589111328
60.00068664550781
60.00144958496094
60.00286102294922
60.00277328491211
60.000389099121094
59.999359130859375
59.9979362487793
60.00042724609375
60.00056838989258
60.001304626464844
59.996360778808594
59.99919128417969
59.99946975708008
59.99687957763672
60.000484466552734
59.99932861328125
60.00014114379883
60.00022888183594
60.000396728515625
59.99910354614258
60.00043869018555
59.99855041503906
59.999996185302734
60.005367279052734
60.00010681152344
59.99882888793945
60.00034713745117
59.998451232910156
59.99992752075195
60.00181198120117
60.001670837402344
60.002601623535156
60.00246047973633
60.00062942504883
59.9986457824707
59.99998092651367
59.99941635131836
60.00100326538086
60.00074768066406
60.00019073486328
59.99991989135742
60.00010299682617
60.00014114379883
59.99890899658203
60.00117492675781
60.00065231323242
59.999176025390625
60.000431060791016
60.00184631347656
60.00217056274414
60.00142288208008
59.99954605102539
60.00113296508789
60.000946044921875
60.0009765625
60.000789642333984
60.001625061035156
59.999977111816406
60.00059127807617
60.000247955322266
59.99821853637695
60.00210189819336
59.9990348815918
59.99560546875
60.001773834228516
60.00300598144531
59.999324798583984
59.99934005737305
60.00022506713867
60.001102447509766
59.999061584472656
60.00051498413086
60.00277328491211
60.00019454956055
60.00152587890625
60.000244140625
60.00046157836914
60.00056838989258
59.998714447021484
60.00065994262695
60.0037956237793
60.00135803222656
60.0007209777832
60.00522994995117
59.9996337890625
59.998931884765625
59.99869155883789
60.000518798828125
59.999488830566406
60.003387451171875
60.00122833251953
60.000518798828125
59.99861145019531
59.999794006347656
59.9982795715332
60.000144958496094
60.001766204833984
60.00232696533203
59.9993896484375
59.999732971191406
59.986202239990234
60.0037841796875
60.00592041015625
59.99848175048828
60.00079345703125
60.0014533996582
60.002647399902344
60.00136947631836
60.00039291381836
59.99983596801758
60.00321960449219
60.002201080322266
60.01104736328125
59.99978256225586
60.00670623779297
60.00498962402344
60.00135040283203
60.001129150390625
60.0025634765625
60.00166320800781
60.00414276123047
60.00579071044922
60.005680084228516
60.00275421142578
60.00062942504883
60.00245666503906
60.003238677978516
60.004852294921875
60.01576614379883
60.000640869140625
60.0072135925293
60.00911331176758
60.003456115722656
60.00758743286133
59.99846649169922
60.0098991394043
60.0069580078125
60.0195198059082
60.00526809692383
60.00862121582031
60.003929138183594
60.00699234008789
60.00132369995117
59.99989318847656
59.99687576293945
59.9975471496582
60.00156021118164
59.999351501464844
59.99987030029297
60.00086975097656
60.00075912475586
59.99987030029297
60.002647399902344
60.00053024291992
60.00313949584961
59.9997673034668
60.00407409667969
60.00069808959961
60.000614166259766
60.00020980834961
60.001953125
60.00498580932617
60.002105712890625
59.99961853027344
60.000797271728516
60.003326416015625
60.00155258178711
60.002899169921875
60.00123977661133
59.99869155883789
59.99784851074219
59.99948501586914
59.998756408691406
60.005210876464844
60.000431060791016
60.000736236572266
60.000343322753906
60.00032424926758
60.00008773803711
60.00425720214844
59.99971008300781
60.00261688232422
60.00175094604492
60.002967834472656
59.99993133544922
60.00080490112305
60.00104522705078
60.00128936767578
60.00126647949219
60.00078582763672
59.99858856201172
60.00255584716797
59.999977111816406
60.002323150634766
60.00039291381836
60.0006103515625
60.004451751708984
60.002140045166016
60.000431060791016
60.00386047363281
60.00095748901367
60.00376892089844
59.999141693115234
60.004764556884766
59.99934005737305
59.99924850463867
60.00117874145508
60.00006103515625
60.00133514404297
60.000450134277344
60.00181579589844
59.999752044677734
60.00212860107422
59.99973678588867
60.001380920410156
59.99906921386719
59.999183654785156
60.00055694580078
59.999061584472656
59.99610137939453
60.00099563598633
60.00381088256836
60.00109100341797
60.00189971923828
59.995784759521484
59.998435974121094
60.00014114379883
60.003509521484375
60.002323150634766
60.00027084350586
60.00038146972656
60.00089645385742
60.000160217285156
60.00167465209961
60.000152587890625
60.00505828857422
60.00101852416992
60.004878997802734
60.00008010864258
60.005516052246094
60.0032844543457
60.00299835205078
60.007667541503906
59.99978256225586
59.9930534362793
60.00906753540039
60.003849029541016
60.006465911865234
60.005218505859375
60.002830505371094
60.00495529174805
60.00239181518555
60.00076675415039
60.00443649291992
60.00093460083008
60.0022087097168
60.00759506225586
59.9967041015625
60.01851272583008
60.00519943237305
60.00318145751953
60.007198333740234
60.003875732421875
60.0024299621582
60.00110626220703
60.001991271972656
60.00080108642578
60.001991271972656
59.99223327636719
59.999412536621094
60.00041961669922
59.997947692871094
59.998477935791016
59.994834899902344
60.00014877319336
59.991451263427734
59.9992790222168
60.00398254394531
60.00252151489258
60.004154205322266
60.00404357910156
60.001338958740234
60.000701904296875
60.00353240966797
60.02571105957031
59.99676513671875
60.00065994262695
60.01416015625
60.02418518066406
59.98426055908203
60.00383377075195
60.00394821166992
59.97248077392578
59.99828338623047
60.00028610229492
60.000282287597656
60.000003814697266
60.02702331542969
60.00080108642578
59.99998092651367
59.998050689697266
59.99869155883789
60.000492095947266
59.993282318115234
60.00043869018555
60.00034713745117
59.996788024902344
59.99687576293945
60.00504684448242
60.00168228149414
60.001731872558594
60.001075744628906
60.00169372558594
60.00041198730469
60.00310516357422
59.99808120727539
59.99638748168945
60.007389068603516
60.001197814941406
59.99983596801758
59.99403762817383
60.00291061401367
60.00341033935547
60.03060531616211
60.01617431640625
60.00373458862305
60.00787353515625
60.01838684082031
59.99192428588867
59.99940490722656
59.99922180175781
60.00230026245117
59.99288558959961
60.032196044921875
60.0001220703125
60.00082015991211
59.99885940551758
60.00917434692383
60.01687240600586
60.03019714355469
59.99525833129883
60.027076721191406
59.997962951660156
60.0126953125
59.99970245361328
60.000732421875
59.99864959716797
60.01542663574219
60.004432678222656
60.00078582763672
59.99641799926758
60.0076904296875
60.005252838134766
60.002655029296875
60.00680923461914
60.001197814941406
60.00278091430664
59.99549102783203
60.00564193725586
59.99825668334961
60.023441314697266
60.00483703613281
59.99911117553711
60.006980895996094
59.99892807006836
60.000675201416016
60.00763702392578
59.99837112426758
60.001285552978516
59.99107360839844
60.003944396972656
60.00980758666992
59.99650192260742
60.00162887573242
59.99846267700195
60.004268646240234
59.9986457824707
60.00904846191406
60.01398849487305
60.00230026245117
60.000404357910156
60.00796127319336
60.002071380615234
59.99901580810547
60.00642776489258
59.999202728271484
59.99687576293945
60.00246810913086
60.00188064575195
60.000022888183594
60.0026969909668
59.999969482421875
59.98691177368164
59.998661041259766
59.99922561645508
60.002071380615234
60.027191162109375
60.000152587890625
59.99800491333008
59.99824905395508
60.00262451171875
59.99655532836914
59.9940185546875
60.00020217895508
60.007896423339844
60.000850677490234
60.00394058227539
60.00478744506836
59.99972915649414
60.01487350463867
59.99970626831055
60.00841522216797
60.00777816772461
59.999847412109375
60.00477600097656
59.99552536010742
60.00647735595703
60.00859832763672
59.999446868896484
59.998355865478516
59.999263763427734
59.99747085571289
60.00115203857422
59.99906921386719
60.0164909362793
60.02381134033203
60.002044677734375
59.997745513916016
60.006046295166016
60.00199508666992
60.02169418334961
60.00297164916992
59.99934005737305
60.02007293701172
60.00493240356445
59.99945831298828
60.02404022216797
60.01422119140625
59.997257232666016
60.018821716308594
59.996707916259766
60.02976989746094
60.0244026184082
60.01778030395508
60.000099182128906
60.00056838989258
59.99415969848633
59.99369812011719
59.999820709228516
60.00251770019531
60.001991271972656
59.99639892578125
60.0028076171875
60.01024627685547
59.99978256225586
60.0052490234375
59.99925994873047
60.021575927734375
59.998924255371094
60.01198196411133
59.99937057495117
60.00374984741211
60.00784683227539
60.0057373046875
60.012367248535156
60.01335525512695
60.00096893310547
59.9986686706543
60.00083541870117
60.00007629394531
60.0064811706543
60.00112533569336
59.99738311767578
60.03708267211914
60.00506591796875
59.996742248535156
60.01421356201172
59.998741149902344
59.99990463256836
60.00135040283203
60.001094818115234
60.0033073425293
59.99343490600586
59.99943161010742
60.001747131347656
59.99907684326172
60.00941848754883
60.0020637512207
59.99851989746094
60.001155853271484
59.999080657958984
60.00284194946289
59.99953842163086
60.01932144165039
60.00955581665039
60.00065612792969
60.007667541503906
59.99889373779297
60.01906967163086
59.99848937988281
59.99578857421875
60.00325393676758
60.002254486083984
60.00534439086914
60.004329681396484
60.00185012817383
59.99925231933594
59.99740982055664
60.001014709472656
59.99918746948242
60.00222396850586
60.00096130371094
59.999305725097656
60.00942611694336
60.00529098510742
59.99769973754883
59.99921417236328
60.0151252746582
59.99776840209961
60.005680084228516
60.00001525878906
60.00598907470703
60.005287170410156
59.99909591674805
59.998111724853516
60.00584411621094
60.00355911254883
60.00160217285156
59.99986267089844
60.00033950805664
60.003257751464844
60.00257110595703
60.000694274902344
60.00144958496094
60.000423431396484
60.003353118896484
60.003055572509766
60.002864837646484
60.00125503540039
60.000823974609375
60.00196075439453
60.00202560424805
59.9941291809082
60.000614166259766
60.00050354003906
60.00364303588867
60.01011276245117
60.00210952758789
60.01477813720703
60.01263427734375
59.9997444152832
60.012821197509766
60.000545501708984
60.000816345214844
60.00619888305664
60.00255584716797
60.0030403137207
60.0009651184082
60.00489807128906
60.000850677490234
60.00212097167969
59.99806213378906
60.000144958496094
60.0041618347168
60.00109100341797
60.00021743774414
60.000919342041016
60.00105285644531
60.00349807739258
60.00090026855469
60.000701904296875
60.002342224121094
60.00136947631836
60.00303268432617
60.00086975097656
60.00495529174805
59.98944854736328
59.99768829345703
60.00907516479492
59.999114990234375
59.99666976928711
60.00885009765625
59.999732971191406
60.0003547668457
60.002685546875
59.99884033203125
60.00242233276367
60.00054168701172
59.99403381347656
60.00474548339844
59.99899673461914
59.9975471496582
59.996971130371094
60.0001335144043
59.99762725830078
60.00070571899414
60.00001525878906
59.999786376953125
60.00052261352539
60.002044677734375
60.00687026977539
60.001319885253906
60.0014533996582
59.985836029052734
60.00484085083008
59.999629974365234
59.997501373291016
60.00181579589844
60.000831604003906
59.99775695800781
60.0009651184082
59.99996566772461
59.99477767944336
59.99755859375
60.0015869140625
60.003238677978516
59.99887466430664
60.00051498413086
60.00987243652344
59.99997329711914
60.00019454956055
60.01384735107422
60.000938415527344
60.00559616088867
59.99990463256836
60.0048713684082
59.999473571777344
60.01008605957031
59.9991569519043
60.01200485229492
60.00825500488281
59.999141693115234
60.00108337402344
60.00556945800781
60.00825500488281
60.000038146972656
60.01942825317383
59.9998664855957
60.004364013671875
60.00001907348633
60.01430892944336
60.00499725341797
60.001243591308594
60.00659942626953
60.00410079956055
59.99385070800781
60.00361633300781
60.0012092590332
60.000953674316406
59.99989700317383
60.0018196105957
59.99961853027344
60.0010986328125
60.00067138671875
60.00062942504883
60.000465393066406
60.001739501953125
60.000911712646484
59.99960708618164
60.00241470336914
59.99895477294922
60.00115966796875
59.999755859375
60.00263214111328
60.0011100769043
60.000728607177734
59.99985122680664
60.00244140625
59.996612548828125
59.999061584472656
59.9998779296875
60.000911712646484
59.9993896484375
60.01054763793945
59.996368408203125
60.0075798034668
59.99913787841797
60.00016784667969
60.00289535522461
60.004051208496094
60.003841400146484
60.00447463989258
60.00048828125
60.006771087646484
60.01007080078125
60.00039291381836
60.005157470703125
59.99803924560547
60.005149841308594
60.0010986328125
60.002994537353516
60.0078010559082
60.00112533569336
60.0018424987793
59.99994659423828
60.00545883178711
59.99957275390625
60.00153350830078
60.00144958496094
60.00090789794922
60.00449752807617
60.00188446044922
59.99523162841797
59.99711990356445
59.99397659301758
60.00462341308594
60.00896072387695
59.99986267089844
59.99989318847656
60.000431060791016
59.99944305419922
60.000160217285156
59.99981689453125
59.999778747558594
60.01282501220703
59.999691009521484
59.998775482177734
60.00144577026367
59.99726104736328
60.00156021118164
59.99830627441406
60.002017974853516
59.992130279541016
60.007850646972656
60.000205993652344
60.00056457519531
60.003517150878906
59.998207092285156
60.00197219848633
59.99972915649414
60.001346588134766
59.99503707885742
60.00223922729492
59.99930953979492
60.00037384033203
60.00407028198242
60.008567810058594
60.002010345458984
60.000457763671875
60.001609802246094
59.99971389770508
60.000152587890625
60.004310607910156
59.99967575073242
60.003108978271484
59.99839782714844
59.996978759765625
60.00592803955078
60.0089111328125
60.00109100341797
60.004241943359375
59.99953079223633
60.006900787353516
60.001678466796875
60.00130844116211
59.99470901489258
60.00260925292969
60.00123977661133
60.002811431884766
60.00078582763672
60.0019416809082
60.000221252441406
60.000244140625
60.00261688232422
59.9980354309082
60.000572204589844
60.00243377685547
60.0012321472168
59.99552917480469
60.001800537109375
60.000911712646484
60.00090026855469
59.999637603759766
59.995338439941406
60.00834274291992
59.999053955078125
60.0004768371582
60.00343322753906
60.00326156616211
60.000701904296875
60.00153350830078
59.995574951171875
60.00056076049805
60.007652282714844
59.99964141845703
60.00469970703125
60.00259017944336
60.00799560546875
60.001461029052734
60.01066207885742
60.000518798828125
60.00033187866211
60.00413513183594
60.00587844848633
60.01618576049805
60.00115203857422
60.00645065307617
60.00217056274414
59.99994659423828
60.008907318115234
60.01472091674805
59.99761199951172
60.00586700439453
60.001686096191406
59.99376678466797
59.99410629272461
59.992462158203125
59.998592376708984
59.988616943359375
59.997840881347656
59.996578216552734
59.998268127441406
60.02016830444336
59.99960708618164
59.99802017211914
60.011234283447266
60.00259017944336
59.98893356323242
60.00999450683594
59.99077606201172
60.01618957519531
59.993106842041016
60.00727462768555
60.024024963378906
60.02080535888672
60.00554656982422
60.015724182128906
60.04460906982422
60.085323333740234
60.038551330566406
60.00852966308594
59.9952507019043
60.016868591308594
60.00090789794922
60.044124603271484
60.00775909423828
60.00786590576172
60.01367950439453
60.02077865600586
60.00254440307617
60.00067901611328
60.0011100769043
59.988243103027344
60.0034294128418
59.99456024169922
60.00408172607422
60.00086212158203
59.99898147583008
60.003173828125
59.992008209228516
60.011783599853516
60.035888671875
60.00359344482422
60.0277099609375
60.01968765258789
60.001197814941406
60.000606536865234
60.0004768371582
60.00520324707031
60.00231170654297
60.014869689941406
60.00141143798828
60.006656646728516
60.004764556884766
60.00272750854492
60.00395202636719
60.0062141418457
60.00123977661133
60.023372650146484
60.00636291503906
60.05107498168945
60.007877349853516
60.02020263671875
60.006656646728516
60.003578186035156
60.01453399658203
60.00117492675781
60.00254440307617
60.011722564697266
60.00222396850586
60.00120162963867
59.9749755859375
60.003936767578125
59.98466110229492
60.03617858886719
60.003082275390625
60.01603317260742
59.999786376953125
60.00107192993164
59.998321533203125
60.00285339355469
60.002750396728516
60.002647399902344
59.992149353027344
60.00727462768555
59.99832534790039
60.011470794677734
60.01350402832031
60.01072692871094
60.01849365234375
60.012489318847656
60.00859069824219
60.00094985961914
60.0093879699707
60.004852294921875
60.027923583984375
60.00227355957031
60.00817108154297
60.00654220581055
60.004695892333984
60.01176834106445
60.03142547607422
60.043270111083984
60.00144577026367
60.008399963378906
60.00371551513672
60.00332260131836
60.001792907714844
59.999568939208984
60.01306915283203
60.01818084716797
60.016845703125
60.005775451660156
60.01191711425781
60.00149154663086
60.00302505493164
60.002113342285156
60.003753662109375
60.01744842529297
60.00169372558594
60.01445007324219
60.02445983886719
60.00734329223633
60.003211975097656
60.00057601928711
60.00550079345703
60.004234313964844
60.001869201660156
60.004817962646484
60.00227355957031
60.003849029541016
59.9992561340332
60.00960159301758
60.00570297241211
60.012107849121094
60.002201080322266
60.003334045410156
60.00557327270508
60.0033073425293
60.00882339477539
60.033294677734375
60.00323486328125
60.01420974731445
59.989559173583984
60.002525329589844
60.01197814941406
60.00282669067383
60.00828170776367
60.001102447509766
60.00234603881836
60.015506744384766
60.00918960571289
59.99723815917969
60.00690460205078
60.00521469116211
60.00199890136719
60.00017547607422
60.0003662109375
60.00507736206055
59.998634338378906
59.99760055541992
59.9980354309082
59.99808883666992
59.99795913696289
59.997554779052734
59.999027252197266
60.00061798095703
59.99708557128906
59.99752426147461
59.99968338012695
60.0015869140625
60.00033950805664
59.99999237060547
59.991546630859375
59.99894714355469
60.0003776550293
60.01606750488281
59.99655532836914
60.001014709472656
59.99011993408203
59.99703598022461
59.99155807495117
60.00186538696289
60.00249481201172
60.00000762939453
60.00715637207031
60.01359176635742
59.99800109863281
59.99999237060547
60.00579071044922
59.37212371826172
60.00129318237305
59.98891830444336
60.00795364379883
60.032493591308594
60.023475646972656
60.041015625
60.00084686279297
60.01527786254883
60.02228546142578
60.011741638183594
60.030513763427734
60.019248962402344
60.000694274902344
60.022098541259766
60.002323150634766
60.012638092041016
60.06357192993164
60.00031661987305
60.001277923583984
60.0007209777832
60.000267028808594
60.00307083129883
59.99729537963867
60.01520538330078
59.99941635131836
59.99404525756836
59.996131896972656
60.00960922241211
59.99234390258789
59.99889373779297
60.019229888916016
60.01420593261719
59.99981689453125
60.00288009643555
60.00048828125
59.99971389770508
60.00200653076172
60.00352478027344
59.94353485107422
59.9999885559082
60.001792907714844
59.999061584472656
59.99754333496094
59.99934387207031
60.005741119384766
60.00044250488281
59.99739456176758
60.00001525878906
59.994544982910156
59.99592971801758
60.000099182128906
59.99884033203125
60.00628662109375
60.009281158447266
60.010833740234375
60.010459899902344
60.01285934448242
60.008216857910156
60.005741119384766
60.02808380126953
60.007850646972656
60.028289794921875
60.02397537231445
60.02675247192383
59.99592590332031
60.04458236694336
60.00309371948242
60.00310134887695
60.002620697021484
59.99965286254883
60.00018310546875
60.02077865600586
59.99920654296875
59.99946975708008
60.00418472290039
59.976593017578125
60.028358459472656
60.00632095336914
59.996944427490234
60.00092315673828
59.99925231933594
60.00530242919922
59.99843978881836
60.00294494628906
59.99842071533203
60.000370025634766
60.00028610229492
60.001094818115234
59.99942398071289
59.9992561340332
59.9986686706543
59.999568939208984
59.99668884277344
59.99993133544922
59.99994659423828
59.99822998046875
59.999969482421875
60.00032043457031
60.00032424926758
60.003074645996094
59.99983596801758
59.999855041503906
60.01803970336914
59.99896240234375
60.02680969238281
60.00196838378906
60.00440216064453
60.00369644165039
60.000282287597656
59.99866485595703
59.987571716308594
60.00067138671875
60.00020980834961
60.000572204589844
60.000450134277344
59.99953079223633
59.99576950073242
59.98891830444336
60.00312423706055
59.98207092285156
60.000492095947266
60.001399993896484
59.987632751464844
60.001224517822266
59.989105224609375
60.00831985473633
60.025142669677734
60.004356384277344
60.00754165649414
60.00153732299805
59.98283004760742
59.99684143066406
59.9949951171875
60.00182342529297
60.00404739379883
59.996421813964844
59.98366928100586
59.99271011352539
59.999969482421875
60.00023651123047
59.99296188354492
59.99858856201172
59.99655532836914
59.96628189086914
60.00032043457031
59.9943962097168
60.00027084350586
60.00096893310547
59.984867095947266
59.99863052368164
59.998390197753906
60.000205993652344
59.99998092651367
59.99982833862305
60.00390625
59.98487091064453
59.99619674682617
60.00041198730469
60.002540588378906
59.994110107421875
59.99554443359375
59.99949645996094
59.98484802246094
59.99040222167969
59.99612808227539
59.98933029174805
60.005096435546875
59.995784759521484
59.99818801879883
59.98261260986328
59.998897552490234
60.0363655090332
60.002655029296875
60.00354766845703
59.97784423828125
59.969608306884766
60.00484848022461
60.00226593017578
59.99771499633789
59.99928665161133
60.00123977661133
59.991912841796875
59.998207092285156
59.99496841430664
59.98827362060547
59.989288330078125
60.001243591308594
59.996620178222656
59.98495864868164
59.99803924560547
59.994850158691406
60.0156135559082
60.00314712524414
60.00436782836914
59.99956130981445
59.9903678894043
59.996421813964844
60.006378173828125
60.01335525512695
60.00375747680664
59.99803161621094
60.01325225830078
59.99518966674805
60.01051330566406
60.00629806518555
60.00013732910156
60.000423431396484
60.005741119384766
60.0127067565918
60.009063720703125
60.003814697265625
60.00074768066406
60.000831604003906
60.008628845214844
60.000247955322266
60.00386428833008
60.0053825378418
60.00254821777344
60.00629806518555
60.00657272338867
60.000648498535156
60.01145553588867
60.007240295410156
60.00871658325195
60.011863708496094
59.99239730834961
60.02904510498047
59.99404525756836
59.999183654785156
60.005882263183594
59.999229431152344
59.99805450439453
60.01557540893555
60.0002326965332
59.99858093261719
60.0019416809082
60.00040054321289
60.0025520324707
60.0191535949707
60.00679397583008
60.005069732666016
60.000667572021484
60.00845718383789
59.99971008300781
59.9994010925293
60.04698944091797
59.99576187133789
60.002628326416016
60.026302337646484
59.996246337890625
60.00090789794922
60.005149841308594
60.01042556762695
60.000667572021484
60.04129409790039
59.99547576904297
60.011131286621094
60.023075103759766
59.98881149291992
60.00351333618164
59.995582580566406
59.99809265136719
59.98123550415039
59.996917724609375
59.99913024902344
60.000274658203125
60.00092315673828
59.99639892578125
59.99951171875
59.9962158203125
59.9997673034668
60.000152587890625
59.9854621887207
59.994571685791016
59.99736404418945
59.998348236083984
60.0035514831543
59.99028015136719
59.98017501831055
60.01576232910156
60.000267028808594
60.0056037902832
60.00446701049805
60.000247955322266
59.99482727050781
59.9991569519043
59.9935417175293
59.99345016479492
59.99781036376953
59.9975700378418
59.99835968017578
59.9840202331543
60.00200653076172
60.01233673095703
59.914737701416016
59.98500061035156
59.98678207397461
59.990657806396484
59.99765396118164
59.968780517578125
59.92466735839844
59.96439743041992
59.99822235107422
59.9683837890625
59.99764633178711
59.99567413330078
59.99847412109375
59.998374938964844
59.98716354370117
60.00022506713867
59.94028091430664
59.94330596923828
59.988826751708984
59.98526382446289
59.98970031738281
59.982975006103516
59.997684478759766
59.98935317993164
60.00119400024414
60.01227569580078
60.00064468383789
59.999820709228516
60.004051208496094
60.005401611328125
60.029998779296875
60.0446662902832
60.05044174194336
60.05052185058594
60.002052307128906
60.003780364990234
60.00893783569336
60.0007438659668
59.99995040893555
59.99997329711914
59.99623107910156
59.99686813354492
60.009185791015625
59.931758880615234
60.00056838989258
59.987022399902344
60.003273010253906
60.00982666015625
60.00014877319336
60.00018310546875
60.00021743774414
59.995933532714844
60.00019073486328
59.998878479003906
59.97804260253906
59.985198974609375
59.9505615234375
59.966522216796875
59.992942810058594
59.99710464477539
59.98801803588867
59.99998474121094
60.0025749206543
60.01970672607422
60.03656768798828
59.992801666259766
60.00032043457031
60.00212860107422
60.040958404541016
60.01017761230469
60.004276275634766
60.0013427734375
60.00107192993164
60.00659942626953
60.001365661621094
59.99960708618164
60.00175476074219
60.00444412231445
59.999027252197266
59.999935150146484
60.001060485839844
59.99907302856445
60.00653076171875
60.002601623535156
60.05727767944336
60.02589416503906
60.004493713378906
60.00108337402344
60.011924743652344
60.0417366027832
60.02666473388672
60.042503356933594
59.98896789550781
59.998069763183594
60.020565032958984
60.10941696166992
60.002376556396484
60.018123626708984
60.0115966796875
60.00505447387695
60.00175094604492
60.001312255859375
60.0013542175293
60.002017974853516
59.999542236328125
60.0130615234375
59.998779296875
59.99974060058594
59.99745559692383
59.999794006347656
60.00308609008789
60.00076675415039
60.01420593261719
60.00446701049805
60.00018310546875
60.00104522705078
60.005802154541016
60.01057052612305
60.00735092163086
60.01118469238281
60.07185363769531
60.04365539550781
59.99829864501953
59.99936294555664
60.005516052246094
60.00330352783203
59.96831512451172
59.96392822265625
60.00072479248047
59.99573516845703
59.99723815917969
59.997398376464844
60.006492614746094
59.99103927612305
60.048362731933594
60.003116607666016
60.01293182373047
60.05184555053711
60.045650482177734
60.013916015625
59.98976516723633
59.99937438964844
60.00471878051758
60.020870208740234
59.99718475341797
59.99576187133789
59.99860382080078
60.00010681152344
59.99752426147461
60.00286865234375
60.008121490478516
59.99942398071289
60.00096893310547
60.00171661376953
59.9961051940918
60.00069808959961
60.00189208984375
59.99967956542969
59.99987030029297
59.998844146728516
59.98090744018555
59.999053955078125
59.9636344909668
59.99936294555664
59.99562072753906
59.994998931884766
59.99889373779297
59.99384307861328
59.99508285522461
59.96388626098633
59.988975524902344
59.997039794921875
60.00034713745117
59.9998664855957
59.99934387207031
59.999855041503906
59.99793243408203
59.99992752075195
59.99943542480469
59.998924255371094
60.00102615356445
59.999725341796875
59.95539855957031
60.00042724609375
60.0004997253418
59.992679595947266
60.000343322753906
60.016387939453125
60.089073181152344
60.0113639831543
59.979671478271484
60.00171661376953
59.99958038330078
60.02486801147461
60.00275421142578
59.99340057373047
59.99199295043945
60.00046157836914
59.999263763427734
59.99768829345703
59.9943733215332
60.001644134521484
59.99992752075195
60.0037727355957
60.01689529418945
60.011940002441406
60.001914978027344
60.00810241699219
59.99388122558594
59.95170211791992
59.991886138916016
60.00666046142578
60.0
59.99734878540039
59.98091125488281
59.97177505493164
60.01642608642578
59.9937744140625
59.9771614074707
59.95912551879883
59.978790283203125
59.97083282470703
60.000797271728516
59.99506378173828
60.00025939941406
60.000606536865234
60.00004196166992
60.00185012817383
60.00120544433594
60.01950454711914
60.00708770751953
60.000030517578125
59.99112319946289
60.001380920410156
59.971492767333984
60.022308349609375
59.99991226196289
59.999393463134766
60.007259368896484
60.00426483154297
59.998565673828125
59.98947525024414
60.02545166015625
59.99553298950195
60.000694274902344
59.98563003540039
59.97285461425781
59.99741744995117
59.99894714355469
59.99993133544922
59.98231506347656
59.99435806274414
59.9942512512207
59.990455627441406
59.99901580810547
59.99073028564453
59.99785614013672
60.00936508178711
60.00001525878906
60.0014762878418
60.01300811767578
60.02297592163086
59.99998474121094
60.00276565551758
60.01232147216797
60.0047492980957
59.99119567871094
59.995140075683594
59.970211029052734
59.99674606323242
59.99818801879883
60.00956344604492
59.99834442138672
60.00965118408203
60.010128021240234
59.99872589111328
59.99598693847656
59.99890899658203
60.00027084350586
59.99984359741211
59.99618148803711
59.99696350097656
60.00117874145508
59.99534606933594
59.99949264526367
59.98646926879883
59.999629974365234
60.012088775634766
59.998497009277344
60.006019592285156
60.00737380981445
60.021888732910156
59.99982833862305
59.99983596801758
60.01621627807617
60.015987396240234
59.99307632446289
59.997074127197266
59.99977493286133
59.997596740722656
59.986480712890625
59.99962615966797
59.99786376953125
60.001644134521484
60.004661560058594
60.00178146362305
60.01338577270508
59.99987030029297
60.00766372680664
60.00818634033203
60.003273010253906
60.012428283691406
60.00899887084961
60.01988220214844
60.00104904174805
60.001678466796875
60.00339889526367
60.00684356689453
59.981239318847656
59.994693756103516
59.99943542480469
59.99149703979492
60.00123977661133
59.99908447265625
59.99668884277344
59.99424362182617
59.998863220214844
59.996578216552734
60.03463363647461
60.00291061401367
60.00111389160156
59.97661590576172
60.00048065185547
60.00022506713867
59.99941635131836
59.997703552246094
60.001312255859375
60.005924224853516
60.00032043457031
59.9992561340332
60.0010871887207
60.01912307739258
59.99671936035156
60.001434326171875
60.00118637084961
59.993675231933594
59.9943962097168
60.000267028808594
59.986873626708984
59.99571990966797
59.992679595947266
60.00413513183594
60.00328826904297
59.99796676635742
59.99058532714844
59.99186325073242
60.03134536743164
59.99119567871094
59.999229431152344
59.99966812133789
59.99421310424805
59.9996337890625
59.99588394165039
59.98885726928711
59.99846267700195
59.99966049194336
59.99894332885742
60.0018424987793
60.003047943115234
60.00282287597656
60.00115966796875
59.996437072753906
59.99916458129883
60.00641632080078
59.999263763427734
60.00173568725586
59.99855422973633
59.999786376953125
59.99324417114258
59.99489212036133
59.99922180175781
59.997825622558594
59.99568176269531
60.00010681152344
59.999046325683594
59.99673843383789
60.000633239746094
59.998939514160156
60.06780242919922
60.00631332397461
60.02943801879883
59.98459243774414
59.99908447265625
59.999732971191406
59.9913215637207
59.99774932861328
59.99705505371094
59.99957275390625
60.000667572021484
60.00244140625
59.998268127441406
60.004310607910156
60.0031852722168
60.000892639160156
60.00962829589844
59.99886703491211
60.00230407714844
60.00352478027344
60.00049591064453
59.99966812133789
59.99930191040039
60.00070571899414
59.998897552490234
60.002079010009766
60.00478744506836
60.003665924072266
60.0002555847168
60.00031661987305
60.0002326965332
59.98778533935547
60.001304626464844
60.00129318237305
60.00489044189453
59.999874114990234
59.99857711791992
60.002410888671875
60.00067901611328
59.99310302734375
59.998435974121094
60.000431060791016
60.000244140625
59.999595642089844
59.99800109863281
60.001956939697266
59.999488830566406
60.000518798828125
59.999908447265625
59.999149322509766
59.99941635131836
59.999813079833984
60.00494384765625
59.99879837036133
59.99969482421875
60.004337310791016
60.00216293334961
59.998661041259766
59.999637603759766
59.999244689941406
60.0026969909668
59.98988723754883
59.998531341552734
60.003395080566406
60.0001220703125
59.994564056396484
59.999229431152344
59.99850082397461
59.99917984008789
60.000328063964844
60.00028610229492
59.99643325805664
60.00123977661133
59.99959945678711
60.000701904296875
59.995140075683594
59.99897766113281
60.00200653076172
59.99637222290039
60.00189971923828
59.995941162109375
60.0013427734375
59.99959945678711
60.00196838378906
59.99393081665039
60.00126647949219
60.00061798095703
60.000972747802734
60.005985260009766
60.00082778930664
60.00004577636719
60.00265884399414
60.001895904541016
60.01062774658203
60.01112747192383
59.99538040161133
59.985198974609375
60.0066032409668
59.9986572265625
60.03300476074219
60.02037811279297
60.02061462402344
59.99898910522461
60.02708435058594
60.018646240234375
60.00080108642578
60.00091552734375
59.998653411865234
59.99583435058594
60.011924743652344
60.02846145629883
59.994808197021484
59.97225570678711
60.00166320800781
59.99637985229492
60.00505065917969
59.99317169189453
59.993492126464844
60.00018310546875
60.00025177001953
60.006431579589844
59.99501419067383
59.996707916259766
59.99854278564453
60.00038528442383
60.0079231262207
59.9979362487793
60.00017547607422
60.00246810913086
60.00301742553711
60.01789855957031
59.99968719482422
60.004276275634766
60.00120162963867
60.00393295288086
60.00743103027344
60.000606536865234
60.00075912475586
59.9764289855957
60.002933502197266
60.00381851196289
60.00798797607422
60.00395965576172
60.014739990234375
60.014984130859375
60.00574493408203
60.0074577331543
60.01277160644531
60.0124397277832
60.0059814453125
60.00162124633789
60.01120376586914
60.00294494628906
60.00156784057617
60.00540542602539
59.99248504638672
60.01335906982422
59.99856948852539
60.00084686279297
60.000465393066406
59.998985290527344
60.00115966796875
60.002464294433594
60.0091438293457
60.00503158569336
60.00109100341797
59.99982833862305
60.01887893676758
60.010169982910156
59.986839294433594
60.00910568237305
60.0060920715332
60.00098419189453
60.02976608276367
60.008453369140625
59.99390411376953
59.989112854003906
60.0003547668457
59.999385833740234
60.009613037109375
59.99711227416992
60.00474548339844
60.00407791137695
59.99479293823242
60.01091003417969
60.00093460083008
60.00017166137695
60.01726150512695
59.97057342529297
60.03715896606445
60.02478790283203
60.00373077392578
59.99761962890625
59.995540618896484
60.028175354003906
60.00369644165039
60.004451751708984
60.02596664428711
60.00303268432617
60.00654983520508
60.006874084472656
60.000789642333984
60.02040100097656
60.00351333618164
60.01770782470703
60.005043029785156
60.002071380615234
59.9930419921875
59.99766159057617
59.996849060058594
59.999900817871094
59.99941635131836
60.01140594482422
60.00074005126953
59.998050689697266
60.00054931640625
60.00263595581055
59.99265670776367
59.99794006347656
59.99507522583008
60.00016403198242
60.00627899169922
59.9947509765625
59.99711990356445
59.99831771850586
59.9974479675293
60.00015640258789
59.999996185302734
60.012699127197266
60.01072311401367
60.01357650756836
59.996299743652344
60.00556945800781
59.998722076416016
60.013980865478516
59.998687744140625
60.00249099731445
60.00492477416992
60.00226593017578
60.004512786865234
60.00872039794922
60.005760192871094
60.003170013427734
60.00764465332031
60.00197219848633
59.99953842163086
60.00253677368164
60.01066207885742
60.00143051147461
60.008487701416016
60.00185775756836
59.99989700317383
60.00092697143555
59.99808883666992
60.00826644897461
60.01959991455078
59.999324798583984
59.99973678588867
59.99892044067383
59.999732971191406
59.99842834472656
59.98836135864258
59.99833297729492
59.996280670166016
59.99996566772461
60.01177215576172
60.00046157836914
59.999088287353516
59.99917984008789
59.999942779541016
59.999515533447266
60.00060272216797
60.00088119506836
59.998470306396484
59.99843215942383
60.00180435180664
60.00041198730469
59.999629974365234
59.99406051635742
59.9913215637207
59.99199295043945
59.99031066894531
59.98994445800781
59.9924430847168
60.20089340209961
59.99114227294922
59.96196746826172
59.99095916748047
59.999229431152344
60.0007438659668
59.99969482421875
59.99980545043945
60.00203323364258
60.009788513183594
60.000030517578125
60.00048065185547
59.9998779296875
59.998443603515625
59.99858093261719
59.993873596191406
59.99512481689453
60.001075744628906
59.997798919677734
59.99954605102539
59.99837112426758
59.99968338012695
59.99824523925781
59.99897766113281
60.00000762939453
59.9993896484375
59.987117767333984
59.99289321899414
59.99992370605469
59.9997673034668
59.99994659423828
59.99995040893555
60.00056838989258
59.9991455078125
59.99972152709961
60.002532958984375
60.00201416015625
59.99861145019531
59.99971008300781
59.99995422363281
59.999900817871094
59.995174407958984
60.00000762939453
59.99864196777344
60.00314712524414
60.000179290771484
59.998165130615234
59.99774932861328
60.00325012207031
59.997467041015625
59.99960708618164
60.00023651123047
60.001914978027344
59.99882507324219
59.99894714355469
60.00008010864258
60.0079460144043
59.999664306640625
59.999813079833984
59.99957275390625
59.9997673034668
59.99856185913086
59.99872970581055
59.998695373535156
59.99765396118164
59.99898910522461
59.99871826171875
59.998085021972656
59.99938201904297
59.99974060058594
60.002811431884766
59.99774169921875
59.99943542480469
60.00107955932617
60.000179290771484
59.99891662597656
60.00294494628906
59.99924087524414
60.00434875488281
60.000125885009766
59.997840881347656
59.99925994873047
60.000732421875
60.000389099121094
60.00324249267578
60.00100326538086
59.995697021484375
60.0044059753418
59.998924255371094
60.004356384277344
59.996742248535156
60.0003662109375
60.00048065185547
60.000518798828125
60.00458526611328
60.00452423095703
59.995147705078125
59.99733352661133
59.999977111816406
59.99514389038086
59.99877166748047
59.997657775878906
59.998531341552734
60.00016403198242
60.00046920776367
59.999420166015625
60.00104904174805
59.99864959716797
60.001522064208984
59.99836349487305
59.9991569519043
60.006385803222656
59.99931716918945
60.00286865234375
60.003662109375
59.98990249633789
59.990413665771484
60.016300201416016
60.00094223022461
60.00177001953125
59.999820709228516
60.007728576660156
59.99662399291992
59.999698638916016
59.998985290527344
59.99906921386719
59.99976348876953
59.997535705566406
59.99973678588867
60.01124572753906
60.0009880065918
59.998531341552734
59.999732971191406
59.999271392822266
60.00511932373047
60.00263214111328
59.99985122680664
59.99940490722656
60.00762939453125
59.99997329711914
60.000946044921875
59.99741744995117
59.99995422363281
60.001075744628906
60.000511169433594
60.00334167480469
60.000492095947266
60.000919342041016
59.99842834472656
60.01285934448242
60.002655029296875
60.00852966308594
59.99958038330078
59.9998664855957
60.00017547607422
60.0028190612793
60.00038146972656
60.00004577636719
59.99964141845703
60.00041961669922
59.999847412109375
60.00004577636719
59.99948501586914
59.99964904785156
59.99909973144531
59.9981803894043
60.00146484375
60.0007438659668
59.99909591674805
59.983463287353516
59.99980926513672
60.00005340576172
59.99995422363281
59.99969482421875
59.99733352661133
59.99929428100586
59.99961853027344
60.000022888183594
60.000282287597656
59.99985122680664
59.999881744384766
59.9992561340332
59.9988899230957
59.999778747558594
59.99905014038086
60.00283432006836
59.997589111328125
59.998931884765625
59.99985122680664
59.98615646362305
59.99829864501953
59.9991455078125
59.998313903808594
59.9985466003418
60.002716064453125
59.9979248046875
59.999576568603516
59.9937744140625
59.99776077270508
59.99953079223633
59.99739074707031
60.002925872802734
59.999107360839844
60.001319885253906
59.9998893737793
59.9935417175293
59.99789810180664
59.998775482177734
59.99924087524414
59.99245834350586
59.99766540527344
59.99888229370117
59.99966812133789
60.001991271972656
60.00187301635742
59.99947738647461
59.999385833740234
60.00040817260742
59.99915313720703
60.00248718261719
60.00111389160156
59.973899841308594
60.00001525878906
60.00090408325195
60.000553131103516
60.000579833984375
60.00019454956055
60.000572204589844
60.003700256347656
60.000282287597656
60.00282669067383
60.00028610229492
59.99956130981445
60.000152587890625
60.00084686279297
60.001468658447266
59.999629974365234
60.00131607055664
59.99498748779297
59.99984359741211
59.99940490722656
60.0031623840332
60.00029373168945
60.00416946411133
59.998817443847656
60.011749267578125
59.999454498291016
59.99150466918945
60.001766204833984
60.00090026855469
59.99940872192383
60.00004577636719
59.999332427978516
59.99845504760742
60.0003776550293
59.999916076660156
60.00026321411133
60.00051498413086
60.00088119506836
59.997703552246094
60.001686096191406
60.00243377685547
59.997920989990234
59.99957275390625
59.9991455078125
60.003353118896484
59.998741149902344
59.999000549316406
60.000186920166016
60.00007629394531
60.000999450683594
60.00224685668945
59.99848937988281
59.99972915649414
60.001007080078125
60.0001335144043
60.0006103515625
60.001808166503906
59.999916076660156
60.002994537353516
60.00040054321289
59.999446868896484
60.003421783447266
60.00413513183594
59.99835968017578
60.001731872558594
60.00166702270508
59.99940872192383
59.999935150146484
60.000640869140625
60.00383758544922
59.999141693115234
60.00360107421875
60.00020980834961
60.000152587890625
60.001808166503906
60.00040054321289
60.00023651123047
59.99663543701172
60.0016975402832
60.00359344482422
59.997554779052734
59.9994010925293
59.999610900878906
59.999847412109375
60.001197814941406
60.00056838989258
60.00020217895508
60.01145935058594
60.01119613647461
60.000179290771484
60.01234817504883
60.00041198730469
60.00283432006836
60.00735092163086
60.00677490234375
60.01192855834961
60.00156784057617
60.00273513793945
59.998844146728516
60.002681732177734
60.005977630615234
60.005271911621094
60.00283432006836
59.99952697753906
60.000614166259766
59.999839782714844
60.00027084350586
59.999855041503906
59.99981689453125
59.99987030029297
59.999961853027344
60.000362396240234
59.997196197509766
59.99965286254883
59.99989318847656
59.99985885620117
60.00008010864258
59.99932861328125
60.00010299682617
60.00049591064453
59.999725341796875
60.00482177734375
60.002750396728516
60.00249099731445
60.00603485107422
60.00703430175781
59.9996452331543
60.003719329833984
60.00008010864258
60.02064895629883
59.999916076660156
60.010257720947266
59.98945999145508
59.99684524536133
60.00192642211914
60.00096130371094
59.999542236328125
60.000030517578125
60.00082778930664
60.0001335144043
60.000038146972656
60.004703521728516
60.00050735473633
60.00053024291992
60.000038146972656
60.00011444091797
59.999717712402344
60.00080490112305
59.99974822998047
60.000125885009766
59.99949264526367
59.99905776977539
60.000003814697266
59.999881744384766
59.99955368041992
60.00019073486328
59.99959945678711
59.999488830566406
60.00017547607422
59.99990463256836
59.998374938964844
59.99989700317383
59.99815368652344
59.999778747558594
60.00001525878906
60.00022888183594
60.000396728515625
59.99788284301758
59.99917984008789
60.000492095947266
59.999759674072266
60.003318786621094
59.99951171875
60.00081253051758
60.00062942504883
60.000057220458984
59.999881744384766
59.9992790222168
59.99766540527344
59.99845886230469
60.003047943115234
60.00000762939453
59.99680709838867
59.99953079223633
59.99848937988281
59.99989318847656
60.000038146972656
59.999908447265625
59.999263763427734
59.999046325683594
60.00070571899414
60.0001106262207
59.999549865722656
59.999568939208984
59.99982833862305
60.00003433227539
60.000701904296875
59.99996566772461
60.04788589477539
60.00093460083008
60.00081253051758
60.001365661621094
60.007869720458984
59.99974822998047
59.99076461791992
59.99818420410156
59.99645233154297
59.99924087524414
59.99799728393555
60.00019073486328
59.99993133544922
60.000030517578125
60.00531005859375
59.99830627441406
60.00270080566406
59.999935150146484
60.00270462036133
60.00225067138672
60.00029754638672
59.9983024597168
59.99550247192383
59.999847412109375
60.00295639038086
60.00699234008789
60.000308990478516
60.018070220947266
60.001651763916016
60.00102233886719
60.00221633911133
60.00035095214844
60.00366973876953
60.000431060791016
60.00350570678711
60.00174331665039
60.00071334838867
60.00369644165039
59.965030670166016
59.993656158447266
59.995506286621094
60.00001525878906
60.00244903564453
60.00983810424805
60.005802154541016
60.001625061035156
60.009361267089844
60.010154724121094
60.00038528442383
60.00333786010742
59.99995422363281
59.999996185302734
59.999149322509766
60.004234313964844
59.999488830566406
59.99962615966797
59.99959945678711
59.997161865234375
60.00205993652344
60.01094055175781
60.0046501159668
59.99958419799805
60.00603103637695
60.002464294433594
59.99513626098633
60.00032043457031
59.99970245361328
60.000038146972656
59.99863815307617
60.00016784667969
59.999874114990234
60.00706481933594
60.00007629394531
60.000064849853516
59.99991989135742
60.001033782958984
59.998233795166016
60.070037841796875
60.003578186035156
60.00489807128906
60.003387451171875
60.0130729675293
60.00868606567383
59.999752044677734
59.9979248046875
59.999691009521484
59.99961471557617
59.997920989990234
59.99995803833008
59.999637603759766
59.99922180175781
60.000083923339844
59.999080657958984
59.998626708984375
60.00020217895508
60.00078201293945
60.00395584106445
60.000179290771484
59.99991989135742
60.00364303588867
59.9998779296875
59.99977493286133
60.00083923339844
60.000003814697266
59.99936294555664
59.99847412109375
60.00052261352539
60.001461029052734
59.99985122680664
59.99983215332031
59.99829864501953
60.000648498535156
59.996341705322266
60.00130844116211
60.00124740600586
60.0033073425293
59.995574951171875
59.999114990234375
59.99952697753906
59.99806213378906
59.99768829345703
60.013023376464844
59.99337387084961
59.997074127197266
59.98735427856445
60.011722564697266
60.01863479614258
59.999488830566406
59.9874153137207
60.00155258178711
60.006309509277344
59.99856185913086
60.007015228271484
60.00761795043945
59.99415969848633
60.02628707885742
60.02401351928711
60.01462173461914
60.03766632080078
60.00756072998047
59.99906539916992
60.005462646484375
60.00981521606445
59.996700286865234
60.00128173828125
60.0078010559082
60.02178955078125
60.00479507446289
59.99477767944336
60.006351470947266
60.00412368774414
59.997337341308594
60.001129150390625
59.99671936035156
60.00272750854492
59.99946975708008
59.993568420410156
60.00234603881836
60.01525115966797
59.995059967041016
60.03777313232422
60.02938461303711
59.999637603759766
60.02959442138672
60.0419921875
60.008853912353516
60.00133514404297
60.01658248901367
59.995269775390625
60.0125617980957
60.01285934448242
60.00947570800781
60.01597213745117
59.991973876953125
60.0059814453125
59.971527099609375
60.01213836669922
60.00464630126953
60.003074645996094
59.98625564575195
59.98841094970703
59.98653030395508
59.98424530029297
60.058837890625
60.062713623046875
59.995182037353516
60.00789260864258
59.99201583862305
59.99331283569336
59.99631881713867
59.99953079223633
60.00050735473633
60.00076675415039
59.998558044433594
60.00419998168945
59.9998779296875
60.00161361694336
60.000858306884766
60.00022506713867
60.0020866394043
59.998985290527344
59.97748947143555
60.00517272949219
59.998741149902344
59.999935150146484
60.02686309814453
59.998104095458984
59.99569320678711
60.00005340576172
59.99702835083008
60.000484466552734
60.0011100769043
60.00363540649414
59.995426177978516
59.998409271240234
59.99729537963867
60.00883483886719
60.02155303955078
60.00381851196289
60.009986877441406
59.994300842285156
59.999000549316406
60.02842712402344
59.99748229980469
60.007080078125
60.017452239990234
59.99846649169922
60.0063362121582
59.99312210083008
59.9997444152832
60.01003646850586
59.99970626831055
59.99089431762695
60.02641677856445
59.989166259765625
59.990135192871094
60.00973892211914
59.99502182006836
60.00006103515625
59.997161865234375
59.988372802734375
60.02998733520508
60.02653884887695
60.000423431396484
59.99658966064453
60.012306213378906
59.99898910522461
60.00547409057617
60.010189056396484
60.0031852722168
60.01610565185547
60.01219940185547
59.992156982421875
60.0275764465332
60.003238677978516
59.995018005371094
59.98616027832031
59.99351119995117
60.00074768066406
60.0157470703125
60.001461029052734
60.000701904296875
59.996421813964844
59.99913024902344
59.996742248535156
59.99341583251953
59.990901947021484
59.99790954589844
60.0610466003418
60.0067024230957
60.00444412231445
60.02317428588867
60.002952575683594
60.00151062011719
60.02315139770508
59.996742248535156
60.00060272216797
60.01252746582031
60.02946853637695
60.01741027832031
60.00982666015625
60.002838134765625
60.004356384277344
60.01541519165039
60.005096435546875
60.01224899291992
59.994258880615234
60.03592300415039
59.98714065551758
60.002845764160156
59.99213790893555
60.005043029785156
60.00192642211914
60.0013313293457
60.020423889160156
60.00253677368164
59.99839401245117
60.00061798095703
60.00019073486328
59.999881744384766
59.99980926513672
60.00116729736328
59.999412536621094
59.99950408935547
60.00053024291992
60.000274658203125
59.99991226196289
59.999916076660156
59.999446868896484
60.00189971923828
60.01021194458008
59.99396514892578
59.9991569519043
59.99362564086914
59.99787139892578
59.99250793457031
59.99553298950195
59.96845245361328
59.99156188964844
59.97611999511719
59.997528076171875
59.99271011352539
59.996673583984375
60.000179290771484
59.99773025512695
60.363670349121094
60.03402328491211
60.002071380615234
60.007354736328125
60.00752258300781
60.00777053833008
60.01361083984375
60.001251220703125
60.02799606323242
59.9980354309082
60.011531829833984
60.009117126464844
60.00471496582031
59.997535705566406
60.030311584472656
60.00846481323242
59.9997444152832
60.00489044189453
60.003047943115234
59.99943161010742
59.99883270263672
60.004737854003906
60.005348205566406
60.000274658203125
59.99618148803711
59.998046875
60.00897216796875
60.006832122802734
60.00382995605469
60.00417709350586
60.00787353515625
60.001338958740234
59.999298095703125
60.014549255371094
60.01081466674805
60.02761459350586
60.000911712646484
59.99721908569336
59.9976806640625
60.00013732910156
59.99909210205078
59.99879455566406
60.01759719848633
59.99700927734375
60.007686614990234
60.01792907714844
60.01433563232422
60.02153396606445
59.999942779541016
59.99890899658203
60.00034713745117
59.99990463256836
59.99360275268555
59.99887466430664
59.997528076171875
59.99681854248047
59.976383209228516
59.9975471496582
59.98236083984375
59.99169921875
59.71955490112305
59.89995193481445
59.97186279296875
59.9870491027832
59.99987030029297
59.998104095458984
59.99854278564453
58.63950729370117
59.731117248535156
59.90849304199219
59.89381790161133
59.91812515258789
59.955238342285156
59.99009704589844
59.97245788574219
59.88396072387695
59.68217086791992
59.99967575073242
59.9358024597168
59.90492248535156
59.91498565673828
59.96147918701172
59.78887176513672
59.87638473510742
59.93811798095703
59.87080383300781
59.86332702636719
59.82750701904297
59.96726608276367
59.98502731323242
59.986942291259766
59.99628829956055
59.99454116821289
59.98908615112305
59.99980163574219
59.99366760253906
59.99105453491211
59.99641799926758
59.999752044677734
59.999454498291016
59.999664306640625
59.98238754272461
59.994110107421875
59.977516174316406
59.97307205200195
59.99907302856445
59.993560791015625
59.9931526184082
59.99998092651367
60.00047302246094
59.99396896362305
60.00941848754883
59.99333190917969
59.99067687988281
59.996543884277344
59.99632263183594
60.00156021118164
59.9986572265625
60.00020217895508
60.00102233886719
60.00020980834961
60.55205154418945
60.58554458618164
59.98881912231445
60.00559616088867
60.001129150390625
60.00250244140625
59.999263763427734
59.99927520751953
59.99839782714844
59.99522018432617
59.99976348876953
59.99933624267578
59.98625183105469
59.98313903808594
59.992061614990234
59.989593505859375
59.99559783935547
59.994667053222656
59.996368408203125
59.941123962402344
59.92283630371094
59.99026107788086
59.99825668334961
59.99951171875
59.98927688598633
59.99821472167969
59.99497604370117
59.99088668823242
59.994808197021484
59.99362564086914
59.99544143676758
59.999725341796875
60.000003814697266
59.99908447265625
60.00028991699219
60.00003433227539
59.99985122680664
59.99969482421875
59.996131896972656
59.97254180908203
59.999183654785156
59.97711181640625
59.99440383911133
59.99683380126953
59.990325927734375
59.988277435302734
59.994407653808594
59.99996566772461
59.99961853027344
59.903385162353516
59.98020935058594
59.94520568847656
60.01773452758789
59.99781036376953
59.97919464111328
59.82472610473633
59.83352279663086
59.9880485534668
60.04290771484375
59.99492263793945
60.001827239990234
59.97754669189453
59.97541809082031
59.999393463134766
59.999427795410156
59.99765396118164
59.998416900634766
60.00016403198242
60.00012969970703
59.99716567993164
60.00397491455078
60.00212860107422
59.987972259521484
59.96335983276367
59.99135971069336
59.98759460449219
59.99802017211914
60.00037384033203
59.99974060058594
59.994407653808594
60.00007247924805
60.00082015991211
59.999568939208984
60.0001220703125
59.999290466308594
60.00027847290039
60.00028610229492
59.999755859375
60.000675201416016
59.99891662597656
59.999698638916016
59.999114990234375
60.000057220458984
59.99995040893555
59.99994659423828
60.000118255615234
59.999961853027344
59.99382400512695
59.9705810546875
59.999107360839844
59.99224090576172
59.99871826171875
59.99809265136719
59.99532699584961
59.99811553955078
59.99801254272461
59.99936294555664
59.99980926513672
59.99984359741211
59.99890899658203
59.99980926513672
59.999507904052734
59.99961471557617
59.99568176269531
59.999881744384766
59.998687744140625
60.00021743774414
59.998992919921875
59.99763488769531
59.983619689941406
60.00252151489258
60.000511169433594
59.999881744384766
59.996456146240234
59.98552322387695
59.99789810180664
60.000038146972656
59.99653625488281
59.998748779296875
59.99959945678711
59.988250732421875
59.999366760253906
59.993614196777344
59.99677658081055
59.999515533447266
59.998905181884766
59.99995040893555
59.99944305419922
59.98767852783203
59.9998779296875
59.999855041503906
59.998043060302734
59.99289321899414
59.9820671081543
59.99634552001953
59.9997444152832
60.000972747802734
60.00010681152344
59.996150970458984
59.99546813964844
59.993324279785156
59.997291564941406
59.95187759399414
59.991851806640625
59.99573516845703
59.95311737060547
59.935020446777344
59.9637451171875
59.947872161865234
59.988521575927734
59.98723602294922
59.99543762207031
59.99493408203125
59.993873596191406
59.97452163696289
60.00230026245117
59.9969596862793
60.000328063964844
59.99977111816406
59.99839782714844
59.999176025390625
59.99565887451172
60.008487701416016
59.99700927734375
59.999671936035156
60.0005989074707
60.000518798828125
59.999298095703125
59.99944305419922
59.99653625488281
59.9976692199707
59.999813079833984
59.999855041503906
60.015472412109375
59.999752044677734
60.01158142089844
60.0020866394043
60.0010871887207
60.0030517578125
59.99955749511719
60.00054931640625
59.99394607543945
59.995182037353516
60.0009880065918
59.99824523925781
59.999107360839844
59.998291015625
59.99826431274414
59.991424560546875
60.009037017822266
60.004493713378906
59.60066604614258
59.940467834472656
59.9718132019043
59.97846603393555
59.997962951660156
59.99949264526367
59.892826080322266
59.98811340332031
59.80299758911133
59.774253845214844
59.99542999267578
59.968753814697266
59.95199966430664
59.9949951171875
59.98900604248047
59.9787712097168
59.99482345581055
59.996307373046875
59.94743728637695
59.98598861694336
59.99047088623047
59.99711227416992
59.99932098388672
59.99476623535156
59.95262908935547
59.987823486328125
59.98282241821289
59.99856185913086
59.996238708496094
59.99850082397461
59.942222595214844
59.99372863769531
59.98199462890625
59.96579360961914
59.99924850463867
59.997859954833984
59.99796676635742
59.98997497558594
59.97666549682617
59.97300720214844
59.97608947753906
59.915184020996094
59.99427032470703
59.911277770996094
59.930389404296875
59.98405075073242
59.85886764526367
59.953025817871094
59.9663200378418
59.357723236083984
59.8753662109375
59.991058349609375
59.9467658996582
59.97045135498047
59.995323181152344
59.99806213378906
59.99687194824219
59.99335479736328
59.99934005737305
59.99820327758789
59.99776077270508
59.99774169921875
59.98307418823242
59.99380111694336
59.997093200683594
59.997230529785156
59.97125244140625
59.9789924621582
59.997493743896484
59.99591827392578
59.99967956542969
59.9980354309082
59.98660659790039
59.960968017578125
59.99958801269531
59.99573516845703
59.9917106628418
59.99625015258789
59.99686813354492
59.99937438964844
59.999446868896484
60.004329681396484
59.99766540527344
60.00331497192383
59.9903450012207
59.99857711791992
60.00352478027344
59.97077178955078
59.998287200927734
59.998966217041016
59.996002197265625
60.00560760498047
59.90497589111328
59.97748565673828
59.943668365478516
59.99976348876953
59.943565368652344
59.9973258972168
59.995182037353516
59.99589920043945
59.99687194824219
59.973968505859375
59.99879837036133
59.99134826660156
59.99196243286133
59.99767303466797
59.995391845703125
59.99813461303711
59.990055084228516
59.9964599609375
60.004547119140625
60.000450134277344
59.997379302978516
60.002044677734375
60.00376510620117
59.99493408203125
59.99554443359375
59.946678161621094
59.96828842163086
59.98621368408203
60.00022506713867
59.992801666259766
59.99276351928711
59.98748016357422
59.977447509765625
59.99442672729492
59.98808670043945
59.93971633911133
59.86676025390625
59.90108871459961
60.034156799316406
59.99796676635742
59.98765182495117
60.00345993041992
59.999176025390625
59.99825668334961
59.993751525878906
59.9916877746582
59.99638748168945
59.99991989135742
60.00014114379883
59.99996566772461
60.0001335144043
59.99491882324219
59.97604751586914
59.94739532470703
59.999610900878906
59.99640655517578
60.00191879272461
60.00025177001953
60.002105712890625
60.00037384033203
59.998741149902344
60.00001525878906
59.999916076660156
59.99684143066406
59.99886703491211
59.99565124511719
59.99810028076172
60.00328063964844
60.001564025878906
59.99652862548828
59.99635696411133
59.98304748535156
59.996063232421875
60.001380920410156
59.99668884277344
59.99086380004883
59.99665069580078
59.98607635498047
59.96378707885742
60.06538009643555
60.000003814697266
59.927490234375
59.97569274902344
59.984134674072266
59.973297119140625
59.95220184326172
59.97043228149414
59.97596740722656
59.76627731323242
59.96115493774414
59.98031234741211
59.96908187866211
59.58624267578125
59.98915100097656
59.89205551147461
59.95305252075195
59.987815856933594
59.98687744140625
59.97819519042969
59.973472595214844
59.980072021484375
59.94094467163086
59.9635124206543
59.98698043823242
59.968345642089844
59.95795822143555
59.977779388427734
59.94100570678711
59.98542785644531
59.999664306640625
59.999183654785156
59.97526550292969
59.97521209716797
59.994789123535156
59.98980712890625
59.982086181640625
59.96983337402344
59.98622131347656
59.98050308227539
59.96527862548828
59.99407196044922
59.95844650268555
59.982845306396484
59.93855285644531
59.976375579833984
59.96658706665039
59.999549865722656
59.998130798339844
59.9958610534668
59.96509552001953
59.98173141479492
59.9863166809082
59.98101043701172
59.99203872680664
59.994529724121094
59.98167419433594
59.994998931884766
59.98634719848633
59.99527359008789
59.9976692199707
59.99778366088867
59.994422912597656
59.98210906982422
59.990081787109375
59.996585845947266
59.99781036376953
59.99944305419922
59.999916076660156
59.99959945678711
59.98395919799805
59.99821472167969
59.99320983886719
59.994728088378906
59.99864196777344
59.98989486694336
59.99794006347656
59.99172592163086
59.99946212768555
59.98239517211914
59.995445251464844
59.949951171875
59.98615646362305
59.99679183959961
59.9373779296875
59.972354888916016
59.985042572021484
59.97560501098633
59.98241424560547
59.957763671875
59.99354934692383
59.933353424072266
59.97417068481445
59.988521575927734
59.97412109375
59.92280197143555
59.99869918823242
59.94184875488281
59.997520446777344
59.97260665893555
59.97064208984375
59.98319625854492
59.990821838378906
59.9932861328125
59.988372802734375
59.98245620727539
59.98768615722656
59.99208450317383
59.976287841796875
59.99225997924805
59.98781204223633
59.950721740722656
59.97639465332031
59.968841552734375
59.99497985839844
59.99615478515625
59.993125915527344
59.99787521362305
59.969234466552734
59.996097564697266
59.97146224975586
59.975486755371094
59.9915771484375
59.989253997802734
59.98998260498047
59.96653366088867
59.982845306396484
59.99812316894531
59.97382736206055
59.99857711791992
59.98951721191406
59.98860168457031
59.96297073364258
59.99736404418945
59.97991943359375
59.99258041381836
59.997528076171875
59.99068069458008
59.99477767944336
59.99906539916992
59.99355697631836
59.99772644042969
59.9995002746582
59.98845672607422
59.9976921081543
59.99022674560547
59.99720001220703
59.997657775878906
59.999088287353516
59.98689651489258
59.997188568115234
59.99829864501953
59.999271392822266
59.9996452331543
59.99589920043945
59.98997116088867
59.999691009521484
59.98682403564453
59.9922981262207
59.99991226196289
59.99981689453125
59.9857177734375
59.98923873901367
59.99980163574219
59.99585723876953
59.99991226196289
59.99360275268555
59.999176025390625
59.9808349609375
59.99527359008789
59.995872497558594
59.990150451660156
59.993282318115234
59.98936080932617
59.990150451660156
59.99408721923828
59.98798751831055
59.98844909667969
59.995452880859375
59.99238586425781
59.99520492553711
59.995582580566406
59.994815826416016
59.9904899597168
59.992919921875
59.985816955566406
59.9749870300293
59.98520278930664
59.98960876464844
59.990848541259766
59.99237060546875
59.96876907348633
59.98776626586914
59.98186111450195
59.994754791259766
59.99311065673828
59.99546432495117
59.978233337402344
59.988670349121094
59.98237609863281
59.98786163330078
59.974647521972656
59.99293899536133
59.996864318847656
59.99652099609375
59.987796783447266
59.99689483642578
59.9800910949707
59.98503112792969
59.99201202392578
59.99211502075195
59.992984771728516
59.990150451660156
59.9951057434082
59.96565628051758
59.9588623046875
59.96024703979492
59.985347747802734
59.99445724487305
59.98347854614258
59.95976638793945
59.964111328125
59.96161651611328
59.99179458618164
59.993953704833984
59.987674713134766
59.952484130859375
59.97578430175781
59.99365234375
59.99718475341797
59.9923095703125
59.963783264160156
59.94672393798828
59.985191345214844
59.931640625
59.97036361694336
59.93608093261719
59.91201400756836
59.98069381713867
59.9824104309082
59.99748229980469
59.997074127197266
59.98838806152344
59.99860763549805
59.9994010925293
59.99850082397461
59.99563217163086
59.998836517333984
59.999698638916016
59.9959716796875
59.95429229736328
59.99300765991211
59.9893684387207
59.98980712890625
59.99237823486328
59.98100280761719
59.994911193847656
59.991336822509766
59.99561309814453
59.99620056152344
59.995914459228516
59.9930305480957
59.99591064453125
59.99894332885742
59.98200988769531
59.982177734375
59.990596771240234
59.98997497558594
59.992435455322266
59.997230529785156
59.97950744628906
59.99753189086914
59.98265838623047
59.9797477722168
59.99174499511719
59.998844146728516
59.99775314331055
59.999000549316406
59.987815856933594
59.99742126464844
59.998600006103516
59.990814208984375
59.9862060546875
59.9989128112793
59.98402786254883
59.9921875
59.97001266479492
59.98783874511719
59.992767333984375
59.994903564453125
59.99742126464844
59.99140548706055
59.99853515625
59.996456146240234
59.999053955078125
59.99322509765625
59.9984016418457
59.95535659790039
59.99481964111328
59.99698257446289
59.99563217163086
59.995513916015625
59.997283935546875
59.99757766723633
59.963016510009766
59.99813461303711
59.9827766418457
59.9986572265625
59.98987579345703
59.98841857910156
59.981563568115234
59.98142623901367
59.98583984375
59.96689987182617
59.99678039550781
59.98360824584961
59.964351654052734
60.006202697753906
59.99269485473633
59.94905471801758
59.97410583496094
59.99739456176758
59.989585876464844
59.99744415283203
59.99114227294922
59.98759841918945
59.957069396972656
59.987911224365234
59.999061584472656
59.998348236083984
59.99496078491211
59.99747085571289
59.99649429321289
59.995460510253906
59.99311447143555
59.99867248535156
59.99811553955078
59.990570068359375
59.996437072753906
59.98365783691406
59.9932975769043
59.97698211669922
59.977840423583984
59.99347686767578
59.99282455444336
59.99749755859375
59.9932861328125
59.99016189575195
59.99361038208008
59.99824523925781
59.99015808105469
59.99452209472656
59.993648529052734
59.99783706665039
59.993717193603516
59.99577331542969
59.997962951660156
59.994384765625
59.99897384643555
59.994972229003906
59.985477447509766
59.983158111572266
60.00002670288086
59.99951171875
59.985626220703125
59.99361038208008
59.99532699584961
59.99839401245117
59.99040222167969
59.98539733886719
59.97169494628906
59.952762603759766
59.975975036621094
59.996063232421875
59.991729736328125
59.99765396118164
59.99693298339844
59.999271392822266
59.999454498291016
59.999794006347656
59.999515533447266
59.99953079223633
59.99806594848633
59.99795150756836
59.99895095825195
59.999202728271484
59.99927520751953
59.999942779541016
60.0000114440918
59.999454498291016
59.99980545043945
59.99568557739258
59.99491500854492
59.99664306640625
59.999855041503906
59.9969596862793
59.994483947753906
59.99903869628906
59.99435043334961
59.999183654785156
59.997032165527344
59.99762725830078
59.997711181640625
59.9962272644043
59.99493408203125
59.99797058105469
59.99886703491211
59.99525833129883
59.994964599609375
59.99989318847656
59.9997444152832
59.99895095825195
59.99997329711914
59.999332427978516
59.99933624267578
59.99986267089844
59.9951171875
59.999717712402344
59.99538803100586
59.999027252197266
59.979129791259766
59.904151916503906
59.99995422363281
59.9965934753418
59.961090087890625
59.97412109375
59.98722457885742
59.99637985229492
59.98292922973633
59.99854278564453
59.999393463134766
59.999656677246094
59.99922180175781
59.99981689453125
59.99934768676758
59.99956512451172
59.98746871948242
59.992347717285156
59.93998718261719
59.99797439575195
59.98600769042969
59.99948501586914
59.99990463256836
59.99973678588867
59.99753952026367
59.99992370605469
59.99905776977539
59.99995422363281
59.998382568359375
59.99911880493164
59.997806549072266
59.997947692871094
59.99945068359375
59.99573516845703
59.999210357666016
59.99969482421875
59.99866485595703
59.99885177612305
59.993431091308594
59.991329193115234
59.99959182739258
59.979557037353516
59.999229431152344
59.99894332885742
59.99702835083008
59.998348236083984
59.99818801879883
59.99953079223633
59.99909210205078
59.997257232666016
59.9967041015625
59.998470306396484
59.998504638671875
59.99966049194336
59.998512268066406
59.992156982421875
59.99958419799805
59.993656158447266
59.999534606933594
59.997840881347656
59.960330963134766
59.999794006347656
59.99957275390625
59.99858856201172
59.9990234375
59.999534606933594
59.99956512451172
59.99898147583008
59.9954833984375
59.994049072265625
59.996089935302734
59.999515533447266
59.99739074707031
59.99905776977539
59.99983596801758
59.99934005737305
59.98637771606445
59.99979019165039
59.99953079223633
59.99127197265625
59.99946594238281
59.9997673034668
59.99884796142578
59.999549865722656
59.99952697753906
59.99422073364258
59.999141693115234
59.99662780761719
59.98587417602539
59.960140228271484
59.99278259277344
59.99531173706055
59.998966217041016
59.95240020751953
59.98189163208008
59.99726104736328
59.99781799316406
59.99131774902344
59.99665832519531
59.984066009521484
59.98198318481445
59.973968505859375
59.976627349853516
59.97119140625
59.98297119140625
59.95814895629883
59.99236297607422
59.849430084228516
59.917144775390625
59.991607666015625
59.989776611328125
59.9886589050293
59.97719192504883
59.98019027709961
59.9737548828125
59.977108001708984
59.99037551879883
59.96495819091797
59.98304748535156
59.9973030090332
59.99729537963867
59.9881477355957
59.97781753540039
59.987728118896484
59.9702262878418
59.98915100097656
59.96868133544922
59.98060989379883
59.99106979370117
59.98728561401367
59.91169738769531
59.99224853515625
59.998775482177734
59.97298812866211
59.988014221191406
59.979644775390625
59.98814010620117
59.99433517456055
59.97322082519531
59.98880386352539
59.95158004760742
59.9835090637207
59.97119140625
59.991634368896484
59.9909553527832
59.99700927734375
59.988914489746094
59.9670295715332
59.982975006103516
59.967472076416016
59.92228698730469
59.997920989990234
59.99919128417969
59.99953079223633
59.99837875366211
59.995628356933594
59.99955749511719
59.9949951171875
59.99852752685547
59.994781494140625
59.999385833740234
59.99753189086914
59.999168395996094
59.99906539916992
59.99701690673828
59.998985290527344
59.9975471496582
59.99981689453125
59.99681091308594
59.994625091552734
59.997684478759766
59.996883392333984
60.0025634765625
59.99953079223633
59.99848175048828
59.99800491333008
59.99692153930664
59.98856735229492
59.99525833129883
59.9986457824707
59.999786376953125
59.99683380126953
59.98909378051758
59.9981575012207
59.9991455078125
59.999393463134766
59.99603271484375
59.9986457824707
59.99811553955078
59.99968719482422
59.99814987182617
59.9992561340332
59.99814987182617
59.99956512451172
59.999481201171875
59.997581481933594
59.99989700317383
59.99836730957031
59.99824142456055
59.99179458618164
59.99929428100586
59.99888229370117
59.99989700317383
59.996368408203125
59.99751663208008
59.99982452392578
59.997901916503906
59.998435974121094
59.9930419921875
59.99837112426758
59.99833679199219
59.99943161010742
59.997798919677734
59.99836730957031
59.998085021972656
59.99812698364258
59.99966812133789
59.99858856201172
59.999237060546875
59.99990463256836
60.00001525878906
59.99919509887695
59.998924255371094
59.99049758911133
59.99504852294922
59.99892044067383
59.99887466430664
59.99809265136719
59.99795150756836
59.999786376953125
59.99959182739258
59.99913024902344
59.999027252197266
59.99978256225586
59.999542236328125
59.99779510498047
59.99803161621094
60.003013610839844
59.996299743652344
59.99972152709961
59.999759674072266
59.99962615966797
59.99982452392578
59.99814987182617
59.99862289428711
59.99919891357422
59.999752044677734
59.99839401245117
60.004791259765625
59.99979782104492
59.99991989135742
59.99989318847656
59.999969482421875
59.999637603759766
59.99698257446289
59.99979782104492
59.9993782043457
60.00191879272461
59.999855041503906
59.999874114990234
59.99995040893555
59.999717712402344
60.005577087402344
59.98284149169922
59.99916458129883
59.99981689453125
59.999202728271484
59.999610900878906
59.9996452331543
59.99861145019531
59.998043060302734
59.99855422973633
59.99825668334961
59.98682403564453
59.993385314941406
59.98740005493164
59.999549865722656
59.999534606933594
59.997657775878906
59.99946594238281
59.99115753173828
59.99972915649414
59.999935150146484
59.999908447265625
59.999813079833984
59.99953079223633
59.999847412109375
59.99751281738281
59.99935531616211
59.988006591796875
59.99217987060547
59.999820709228516
59.995330810546875
59.998687744140625
59.999855041503906
59.99522018432617
59.9995231628418
59.99667739868164
59.99910354614258
59.99984359741211
59.999603271484375
59.99989700317383
59.99641418457031
59.99903106689453
59.99962615966797
59.99919509887695
60.00361633300781
59.981719970703125
59.998008728027344
59.9935417175293
59.99165725708008
59.99285888671875
59.996437072753906
59.987152099609375
59.98030090332031
59.99644088745117
59.98857879638672
59.990516662597656
59.98472595214844
59.99114990234375
59.994606018066406
59.99866485595703
59.975624084472656
59.978759765625
59.978172302246094
59.995121002197266
59.99342727661133
59.95804977416992
59.971065521240234
59.998443603515625
59.994110107421875
59.993892669677734
59.999229431152344
59.999698638916016
59.9996452331543
59.99928283691406
59.9998779296875
59.9993782043457
59.99985122680664
59.999977111816406
59.999149322509766
60.0019416809082
59.97719955444336
59.984954833984375
59.99616241455078
59.992183685302734
59.98778533935547
59.97901916503906
59.99858856201172
59.994476318359375
59.9973030090332
59.99224853515625
59.98208236694336
59.980247497558594
59.983055114746094
59.98982238769531
59.98738098144531
59.98618698120117
59.993778228759766
59.99065399169922
59.99373245239258
59.99497604370117
59.997642517089844
59.993343353271484
59.99468231201172
59.99675750732422
59.99229431152344
59.98453903198242
59.99561309814453
59.98902893066406
59.984554290771484
59.994869232177734
59.9830322265625
59.9900016784668
59.97237014770508
59.99378967285156
59.99663543701172
59.99270248413086
59.9823112487793
59.983951568603516
59.97858428955078
59.98179626464844
59.99174880981445
59.98046112060547
59.98746109008789
59.99256134033203
59.991512298583984
59.98963928222656
59.98871612548828
59.9901123046875
59.98461151123047
59.995548248291016
59.98874282836914
59.995765686035156
59.98049545288086
59.99237060546875
59.997257232666016
59.994720458984375
59.99660110473633
59.991939544677734
59.99770736694336
59.99890899658203
59.99201202392578
59.978084564208984
59.99237823486328
59.996395111083984
59.99393081665039
59.97675704956055
59.977054595947266
59.98981857299805
59.994422912597656
59.97611618041992
59.99647903442383
59.99317169189453
59.99323654174805
59.99473571777344
59.99761962890625
59.99667739868164
59.99631118774414
59.9976692199707
59.98300552368164
59.99068069458008
59.985172271728516
60.002716064453125
59.996665954589844
59.994564056396484
59.992759704589844
59.98883819580078
59.9846305847168
59.98147964477539
59.98848342895508
59.993133544921875
59.97535705566406
59.95611572265625
59.95375061035156
59.994205474853516
59.9925422668457
59.969173431396484
59.95668029785156
59.995201110839844
59.993831634521484
59.97357177734375
59.980159759521484
59.985565185546875
59.9930419921875
59.99800491333008
59.99814987182617
59.99027633666992
59.99562454223633
59.997718811035156
60.00072479248047
59.99977493286133
59.99789810180664
59.996971130371094
59.996131896972656
59.99185562133789
59.99773025512695
59.997894287109375
59.99362564086914
59.99551773071289
59.9984016418457
59.99720764160156
59.99370574951172
59.98983383178711
59.997833251953125
59.99288558959961
59.996864318847656
59.98436737060547
59.98263931274414
59.98761749267578
59.99470138549805
59.99317169189453
59.99066925048828
59.9919548034668
59.9935188293457
59.99159240722656
59.995323181152344
59.99649429321289
59.99559783935547
59.98370361328125
59.996368408203125
59.99180603027344
59.994102478027344
59.99762725830078
59.99628448486328
59.998748779296875
59.99317169189453
59.998714447021484
59.9949951171875
59.99563217163086
59.99702453613281
59.99678421020508
59.99148178100586
59.99715805053711
59.99565505981445
59.995452880859375
59.99673080444336
59.99647903442383
59.99406051635742
59.9945182800293
60.00205993652344
59.995811462402344
59.99842834472656
59.99239730834961
59.99992752075195
59.995094299316406
59.998619079589844
59.9992790222168
59.991371154785156
59.99394226074219
59.99362564086914
59.99620819091797
59.99681091308594
59.99850082397461
59.995460510253906
59.99752426147461
59.996158599853516
59.99034118652344
59.99729919433594
59.99764633178711
59.99778366088867
59.99797439575195
59.99851989746094
59.9963493347168
59.995872497558594
59.99361801147461
59.992759704589844
59.99187469482422
59.989620208740234
59.99301528930664
59.99231719970703
59.99000930786133
59.99211502075195
59.990455627441406
59.991607666015625
59.99761199951172
59.99626541137695
59.977237701416016
59.99855041503906
59.99497604370117
59.99994659423828
59.9892578125
59.99636459350586
59.99901580810547
59.99640655517578
59.997459411621094
59.99968719482422
59.997806549072266
59.99751663208008
59.99828338623047
59.998085021972656
59.995635986328125
59.997623443603516
59.99924087524414
59.995784759521484
59.9962043762207
59.99369812011719
59.99065399169922
59.99766540527344
59.9971809387207
59.995582580566406
59.99674987792969
59.995487213134766
59.99562454223633
59.99613952636719
59.995086669921875
59.99676513671875
59.99799346923828
59.996360778808594
59.993797302246094
59.997859954833984
60.001068115234375
59.9896354675293
59.98752212524414
59.99921417236328
59.9970588684082
60.00322723388672
59.99810028076172
59.9967155456543
59.999916076660156
59.99416732788086
59.999267578125
59.99240493774414
59.99615478515625
60.00038146972656
60.000064849853516
59.99311828613281
59.98805618286133
59.99995803833008
59.98966979980469
59.999839782714844
59.9949951171875
59.9981803894043
59.99525451660156
59.99081039428711
59.993446350097656
59.98831558227539
59.99668884277344
60.003509521484375
59.996238708496094
59.99573516845703
59.99836730957031
59.99706268310547
60.000152587890625
59.99843978881836
59.998355865478516
59.99095153808594
59.99563980102539
59.998985290527344
59.998966217041016
59.99150466918945
59.99840545654297
59.999412536621094
59.988311767578125
59.998809814453125
59.99834442138672
59.99843978881836
59.99210739135742
59.99391174316406
59.99760818481445
59.99753952026367
59.99818801879883
59.99559783935547
59.99879837036133
59.994075775146484
59.989501953125
59.9959831237793
59.99543762207031
59.996639251708984
59.998497009277344
59.995887756347656
59.99238586425781
59.990264892578125
59.99592208862305
59.99818420410156
59.99394607543945
59.99458312988281
59.99782943725586
59.99691390991211
59.99774932861328
59.99749755859375
59.995914459228516
59.980865478515625
59.99768829345703
60.00144577026367
59.995643615722656
59.99913787841797
59.99986267089844
59.996822357177734
59.999664306640625
59.999595642089844
59.997947692871094
59.99663162231445
59.99911117553711
59.998138427734375
59.9954948425293
59.99692153930664
59.99408721923828
59.991764068603516
59.97486877441406
59.99674606323242
60.00163650512695
59.998348236083984
59.99631118774414
59.99794006347656
59.9971809387207
59.99653625488281
59.99470138549805
59.993408203125
59.99789810180664
59.99551010131836
59.99138641357422
59.99668884277344
59.99789810180664
59.99555206298828
59.997406005859375
59.99718475341797
59.996246337890625
59.99563217163086
59.99912643432617
59.995662689208984
59.99631881713867
59.99666976928711
59.99768829345703
59.992706298828125
59.99657440185547
59.99483871459961
59.99430847167969
59.993587493896484
59.993499755859375
59.99446105957031
59.996978759765625
59.9979133605957
59.99397277832031
59.998043060302734
59.99692153930664
59.98271179199219
59.99504852294922
59.99916458129883
59.978294372558594
59.98973846435547
59.99469757080078
59.99100112915039
59.99904251098633
59.99895095825195
59.992530822753906
59.9984130859375
59.99010467529297
59.99299621582031
59.96718978881836
59.97423553466797
59.98598861694336
59.98794174194336
59.979583740234375
59.98512649536133
59.983856201171875
59.97901153564453
59.96398162841797
59.980621337890625
59.98154830932617
59.98365783691406
59.99728775024414
59.978675842285156
59.996543884277344
59.99949645996094
59.99884033203125
59.966861724853516
59.982330322265625
59.97190475463867
59.98917770385742
59.99360275268555
59.9952392578125
59.98927688598633
59.99561309814453
59.99041748046875
59.9969596862793
59.98318862915039
59.99822235107422
59.986961364746094
59.98930740356445
59.995765686035156
59.977577209472656
59.99018859863281
59.98342514038086
59.996829986572266
59.99817657470703
59.99494552612305
59.99183654785156
59.991180419921875
59.987979888916016
59.99083709716797
59.983863830566406
59.99100112915039
59.99656677246094
59.99311065673828
59.9984245300293
59.996944427490234
59.991912841796875
59.99435043334961
59.985599517822266
59.9885139465332
59.9975471496582
59.99455261230469
59.98854064941406
59.99185562133789
59.97969436645508
59.99432373046875
59.97512435913086
59.97993087768555
59.98418045043945
59.99431228637695
59.97758483886719
59.97311782836914
59.985443115234375
59.99724578857422
59.984378814697266
59.98664093017578
59.996673583984375
59.98988342285156
59.98101043701172
59.99909591674805
59.99525833129883
59.95469665527344
60.00344467163086
59.99279022216797
59.98408889770508
60.010318756103516
60.00790023803711
60.01480484008789
60.00253677368164
60.00235366821289
59.994964599609375
59.996639251708984
59.998260498046875
59.99300003051758
59.97542190551758
59.98102951049805
59.961395263671875
59.955116271972656
60.0059700012207
59.997108459472656
59.98428726196289
59.98219299316406
59.99957275390625
59.99539566040039
59.9802131652832
60.041141510009766
59.99563980102539
60.00135803222656
59.99330520629883
60.008628845214844
60.04684066772461
59.995609283447266
59.999977111816406
60.001155853271484
60.080257415771484
60.01473617553711
60.1191291809082
60.024024963378906
60.02610778808594
60.135990142822266
59.999359130859375
59.999549865722656
60.01848602294922
60.000831604003906
60.015724182128906
60.015960693359375
60.00254821777344
59.99791717529297
59.99508285522461
60.006839752197266
60.00725555419922
60.02700424194336
60.010467529296875
60.009429931640625
60.008853912353516
59.99897766113281
59.99505615234375
59.9897346496582
59.99312973022461
59.99942398071289
59.99974822998047
59.81211471557617
59.99304962158203
60.01751708984375
59.99281311035156
60.001686096191406
60.011085510253906
60.00257873535156
59.9964714050293
60.00271224975586
59.99971008300781
60.00089645385742
60.00194549560547
60.001590728759766
60.00069046020508
59.99759292602539
59.9995002746582
59.96303939819336
59.99059295654297
59.98415756225586
59.993892669677734
60.001060485839844
60.02180862426758
60.007301330566406
59.99547576904297
60.00375747680664
59.9990234375
60.00638961791992
60.01918411254883
60.03947830200195
60.01743698120117
60.007205963134766
60.00856399536133
59.99342346191406
59.99409103393555
59.9648323059082
60.010353088378906
60.01707458496094
60.00844955444336
59.966941833496094
59.994693756103516
60.00413131713867
59.995723724365234
60.00811004638672
60.00445556640625
60.002315521240234
59.999114990234375
60.00173568725586
60.00640106201172
60.002281188964844
59.98958969116211
59.98599624633789
59.991580963134766
60.01496505737305
59.98678970336914
60.03409194946289
60.01107406616211
60.01043701171875
60.001708984375
59.99726867675781
59.99631881713867
60.015533447265625
60.028316497802734
59.9965934753418
59.98712158203125
60.00718307495117
59.999507904052734
59.99982833862305
60.00128173828125
60.000213623046875
60.00087356567383
59.99882507324219
59.99989700317383
59.995521545410156
59.995052337646484
59.9990348815918
59.998992919921875
60.00009536743164
59.998722076416016
60.001121520996094
60.00011444091797
59.99885559082031
60.00022888183594
59.95985794067383
59.99083709716797
59.99934768676758
60.000091552734375
59.995670318603516
60.0
60.00033187866211
59.99747085571289
59.99897003173828
59.99989318847656
60.00992965698242
60.0020637512207
60.02090835571289
60.00066375732422
59.99797058105469
59.99978256225586
59.999977111816406
59.99998092651367
59.99462127685547
59.99801254272461
60.0024528503418
60.00059127807617
59.99941635131836
60.00690841674805
60.03411865234375
60.00686264038086
60.01234817504883
59.999481201171875
60.02598571777344
60.00420379638672
59.99306869506836
59.98746871948242
60.002418518066406
59.96998596191406
59.99595642089844
60.00203323364258
60.00145721435547
60.00859069824219
59.99931716918945
60.007110595703125
60.004249572753906
60.00373077392578
60.0064582824707
59.96504592895508
59.98966598510742
59.99433135986328
60.00387954711914
59.99770736694336
59.99209976196289
59.989559173583984
59.997867584228516
59.99589157104492
59.989139556884766
59.99764633178711
60.00167465209961
60.00076675415039
60.00796890258789
60.001502990722656
59.98420715332031
60.01448440551758
59.9974479675293
59.9863395690918
59.99873733520508
59.9957275390625
59.99282455444336
59.994075775146484
60.004268646240234
59.95880126953125
60.001468658447266
59.976402282714844
60.031192779541016
59.981380462646484
60.00306701660156
59.99529266357422
59.99137496948242
59.99612045288086
59.99885559082031
60.01084518432617
59.9997673034668
59.986572265625
60.0062141418457
60.01786422729492
60.004432678222656
60.00020217895508
60.002845764160156
60.00870132446289
60.005897521972656
59.99739456176758
60.00313949584961
59.9969596862793
60.007205963134766
60.00132751464844
60.00851821899414
60.0068473815918
60.001461029052734
59.97740936279297
60.0063591003418
60.00445556640625
60.0228385925293
60.01545715332031
60.01374053955078
60.00102615356445
59.985137939453125
59.996829986572266
60.00243377685547
60.00105285644531
60.014644622802734
59.98460006713867
59.99837112426758
59.992706298828125
60.003143310546875
59.9710693359375
60.00349807739258
60.00897979736328
60.00528335571289
59.995948791503906
60.11077117919922
60.02153396606445
59.99130630493164
60.02802276611328
59.99805450439453
60.00777053833008
60.034385681152344
60.01299285888672
59.99773025512695
60.02003860473633
60.04985427856445
59.97064971923828
59.98971939086914
59.99941635131836
60.00019836425781
59.99516296386719
60.0048942565918
59.9305534362793
59.94289016723633
60.01749801635742
59.990482330322266
59.97646713256836
60.000892639160156
59.994998931884766
59.97773361206055
60.00004959106445
59.99565124511719
59.99641418457031
59.996849060058594
59.988399505615234
59.91037368774414
59.990745544433594
59.768428802490234
59.97900390625
59.98548126220703
59.96924591064453
59.993045806884766
59.981014251708984
60.04132080078125
60.014801025390625
60.001380920410156
60.005760192871094
60.000980377197266
59.98432922363281
60.00153732299805
59.96529006958008
59.74188995361328
59.873008728027344
59.802703857421875
59.9904670715332
59.99299240112305
59.99456024169922
59.990848541259766
59.96403503417969
59.992916107177734
59.99400329589844
59.938499450683594
59.95913314819336
59.952884674072266
59.98054122924805
59.99454879760742
59.99201583862305
60.00666809082031
60.01584243774414
60.017486572265625
60.00062942504883
60.011474609375
60.0019645690918
59.99020767211914
59.99650192260742
59.98136901855469
59.993953704833984
59.98122024536133
60.006839752197266
60.004390716552734
59.99955368041992
59.995506286621094
60.00728988647461
60.01430892944336
59.981910705566406
59.964168548583984
59.99733352661133
60.007118225097656
59.98925018310547
59.99690628051758
60.003326416015625
59.97211456298828
60.00595474243164
59.994564056396484
59.99494552612305
59.982418060302734
59.99822998046875
60.000858306884766
59.99599075317383
59.9958381652832
60.00462341308594
60.15988540649414
60.022762298583984
60.045555114746094
60.103309631347656
60.1323127746582
60.03688049316406
60.000614166259766
60.01705551147461
60.00199890136719
60.00233459472656
60.02002716064453
60.00287628173828
59.99331283569336
60.00935363769531
60.00847625732422
60.00856399536133
60.00970458984375
60.13875961303711
60.039981842041016
60.019283294677734
60.01087188720703
59.974613189697266
59.96919250488281
59.990718841552734
59.99571990966797
59.99888229370117
60.00541687011719
60.007423400878906
60.028892517089844
59.979496002197266
59.98663330078125
60.008705139160156
60.014522552490234
59.97228240966797
60.0117073059082
60.00218963623047
59.99673080444336
59.99566650390625
59.99452209472656
59.99814987182617
59.97446060180664
59.98823928833008
59.99079895019531
59.998497009277344
60.00463104248047
59.989501953125
60.00265884399414
60.0154914855957
60.01108169555664
60.0008544921875
59.94450378417969
59.96702575683594
60.003082275390625
59.976837158203125
60.027523040771484
60.02635955810547
59.94535827636719
60.01841735839844
59.99638748168945
59.98685073852539
60.04243850708008
59.9841194152832
60.02986526489258
59.96940231323242
60.014503479003906
60.01277160644531
60.10314178466797
60.00791931152344
60.038612365722656
60.07174301147461
60.02741241455078
60.00687026977539
60.01156234741211
59.984832763671875
59.994083404541016
60.00116729736328
60.00233459472656
59.94667053222656
59.96932601928711
60.00285720825195
60.02113342285156
60.01234817504883
60.032005310058594
60.00538635253906
60.01091384887695
60.01043701171875
60.06352996826172
60.01717758178711
59.985355377197266
59.99978256225586
60.00080108642578
59.99324417114258
59.991512298583984
59.97399139404297
59.998329162597656
59.99463653564453
59.998695373535156
59.99899673461914
59.99898910522461
59.99736404418945
60.0090446472168
60.00101852416992
60.007530212402344
59.99264907836914
60.00023651123047
60.00172805786133
59.99968338012695
59.99758529663086
60.00088882446289
60.00293731689453
60.000667572021484
60.010032653808594
60.002079010009766
60.01091384887695
60.00413131713867
60.00121307373047
60.01095199584961
59.99348831176758
59.995933532714844
60.00049591064453
60.00033187866211
60.00724411010742
59.99915313720703
59.99968719482422
59.99836349487305
59.93524932861328
60.12735366821289
59.99819564819336
60.0040283203125
60.140750885009766
60.01072692871094
59.98654556274414
59.98991775512695
60.011165618896484
59.997779846191406
59.95347213745117
59.974334716796875
59.9781494140625
59.98124313354492
59.98155975341797
59.98501205444336
59.97380828857422
59.982261657714844
59.98311996459961
59.87979507446289
59.98089599609375
59.98268127441406
59.99848175048828
59.99329376220703
59.99224853515625
59.99880599975586
59.969017028808594
59.95649719238281
59.97736740112305
59.967472076416016
59.71438980102539
59.967918395996094
59.93301010131836
59.98786926269531
59.96449661254883
59.987491607666016
59.994415283203125
59.9870491027832
59.998809814453125
60.001773834228516
59.994693756103516
59.99365997314453
59.97330856323242
59.99583435058594
59.991981506347656
59.99494171142578
59.91713333129883
59.926124572753906
59.92367935180664
59.997528076171875
59.989322662353516
59.997676849365234
59.999752044677734
59.97085189819336
59.98169708251953
59.97043228149414
59.89771270751953
59.96543884277344
59.92887878417969
59.95869445800781
59.99430465698242
59.8913688659668
59.89704513549805
59.9868049621582
59.98966598510742
59.99335479736328
59.997013092041016
59.996490478515625
59.98982238769531
59.95112609863281
59.998695373535156
60.023014068603516
59.97282791137695
59.871463775634766
59.90369415283203
59.919437408447266
59.92005157470703
59.92523193359375
59.96683120727539
59.93917465209961
59.84880447387695
59.91328048706055
60.000205993652344
60.00113296508789
59.99784469604492
60.00020217895508
60.00104522705078
60.00440979003906
60.00128173828125
60.00287628173828
60.00078582763672
59.99995040893555
59.999603271484375
60.00010299682617
60.00002670288086
59.9996337890625
60.00004196166992
59.99980163574219
59.999610900878906
59.998924255371094
60.00001907348633
60.000186920166016
59.99910354614258
59.99995803833008
59.99955368041992
59.999874114990234
59.99830627441406
59.99936294555664
59.9997444152832
60.00004959106445
60.000152587890625
60.002113342285156
60.00540542602539
59.999324798583984
60.00027847290039
60.00013732910156
59.99972152709961
59.999202728271484
60.000431060791016
59.99992752075195
60.00022888183594
60.000919342041016
60.00028610229492
60.00025939941406
59.999725341796875
60.0003776550293
60.0004768371582
59.99954605102539
60.0001220703125
60.000213623046875
59.999813079833984
60.00010299682617
59.998443603515625
60.00020980834961
59.999786376953125
60.000205993652344
60.00016784667969
59.99653244018555
59.998355865478516
60.00004959106445
59.99948501586914
59.99925231933594
59.99964141845703
59.999359130859375
59.999996185302734
60.00065994262695
59.99992370605469
60.00025939941406
60.000091552734375
60.00043869018555
59.99881362915039
59.9999885559082
60.00041961669922
59.9989013671875
59.99879837036133
59.99983215332031
59.99992752075195
59.99864196777344
60.000125885009766
60.001220703125
60.00008010864258
60.000247955322266
59.99966049194336
59.99995040893555
59.99936294555664
60.00041580200195
60.000221252441406
59.99998092651367
60.00072479248047
60.000274658203125
59.999088287353516
60.00025177001953
60.000186920166016
60.00041961669922
59.9995002746582
59.999969482421875
59.999908447265625
60.000282287597656
60.00004196166992
59.998748779296875
59.999061584472656
59.99802017211914
59.994693756103516
60.00013732910156
60.00078582763672
59.998558044433594
60.00062942504883
60.002132415771484
59.99943923950195
59.99951171875
59.99995803833008
59.99992370605469
59.999481201171875
60.000709533691406
60.00131607055664
59.998634338378906
59.999786376953125
60.00031280517578
60.00164031982422
60.000274658203125
59.9981575012207
60.00010299682617
60.00062942504883
60.00184631347656
60.00021743774414
59.99909973144531
59.99839782714844
59.99906539916992
60.00609588623047
60.01313018798828
59.992671966552734
60.00090789794922
60.00138854980469
59.9998664855957
60.00007629394531
60.0003547668457
59.9998664855957
59.999027252197266
60.00042724609375
60.00014114379883
59.99928283691406
59.99870300292969
60.000282287597656
60.00048065185547
59.99955368041992
59.99992370605469
60.001487731933594
60.00022506713867
60.00061798095703
60.00003433227539
60.000022888183594
60.00040054321289
60.000572204589844
59.9996223449707
59.997676849365234
60.00090789794922
60.00037384033203
60.000633239746094
60.00071716308594
59.998531341552734
60.00089645385742
60.000511169433594
60.00128173828125
60.0058708190918
60.0018310546875
60.000308990478516
60.000431060791016
60.000640869140625
60.000885009765625
60.000186920166016
59.99989700317383
59.99998092651367
60.00188446044922
59.999755859375
60.00028610229492
60.00251007080078
59.999847412109375
59.9974365234375
59.9985237121582
59.99983596801758
60.00037384033203
60.00022888183594
60.002403259277344
60.00054168701172
60.002071380615234
59.99730682373047
60.003395080566406
60.010826110839844
60.00145721435547
59.99994659423828
60.00027847290039
59.99919891357422
59.999427795410156
60.00053024291992
60.00204086303711
60.000728607177734
60.0028190612793
60.0007438659668
60.00065994262695
60.00053787231445
60.00065612792969
60.000179290771484
59.99900817871094
59.999752044677734
59.998477935791016
60.00153350830078
60.00046920776367
59.99951934814453
60.00008010864258
59.99892044067383
60.000736236572266
60.00016403198242
59.99928283691406
59.999839782714844
60.000064849853516
59.999996185302734
59.99991226196289
59.99972915649414
60.00017166137695
60.00055694580078
60.00019073486328
59.99895095825195
60.00054168701172
60.00071334838867
60.000244140625
60.00138473510742
60.00050735473633
60.00088119506836
59.99991226196289
59.999542236328125
60.00059127807617
59.9999885559082
60.00108337402344
60.00025939941406
59.99965286254883
59.999969482421875
59.99604797363281
59.99345016479492
59.99982833862305
60.00070571899414
59.998836517333984
59.99908447265625
59.99885940551758
59.99988555908203
59.999900817871094
59.999473571777344
60.00003433227539
60.00064468383789
59.999210357666016
59.99968338012695
60.001747131347656
60.002174377441406
59.99998092651367
60.001426696777344
60.00072479248047
60.00016784667969
60.00020217895508
60.00027847290039
60.00208282470703
59.99945068359375
60.00198745727539
60.00197982788086
60.00135803222656
59.99924087524414
60.001224517822266
59.99980163574219
60.00065612792969
60.00062942504883
59.999046325683594
60.001976013183594
59.998600006103516
60.00142288208008
59.999481201171875
59.999637603759766
60.00004959106445
60.00101852416992
59.996402740478516
59.999691009521484
60.00078582763672
59.999778747558594
59.99951934814453
59.999210357666016
60.000144958496094
59.9998664855957
60.0001220703125
60.00016403198242
59.99953842163086
60.000423431396484
60.00019836425781
60.00018310546875
59.99958419799805
60.00038146972656
59.998634338378906
60.000404357910156
60.000343322753906
59.999935150146484
59.99934768676758
60.00095748901367
59.99945831298828
60.000694274902344
59.99766540527344
59.99982833862305
59.99856948852539
60.00003433227539
60.00022506713867
60.0010871887207
60.00135040283203
59.99999237060547
60.00106430053711
60.00028610229492
59.995758056640625
60.000057220458984
60.001197814941406
60.001556396484375
60.00146484375
60.00250244140625
59.99958801269531
59.99980926513672
59.99953079223633
59.9984245300293
59.9997673034668
60.000038146972656
59.99932861328125
59.9990119934082
60.00017166137695
60.0003547668457
59.99980545043945
59.9991455078125
60.000885009765625
60.00243377685547
60.00050354003906
60.00021743774414
60.00037384033203
59.99983215332031
60.00069808959961
60.00080871582031
59.99988555908203
60.000244140625
60.00033187866211
59.9987907409668
60.00123596191406
60.00007629394531
60.0
59.9993782043457
60.000144958496094
59.998992919921875
60.00055694580078
59.99856185913086
60.00105667114258
60.0037727355957
60.000186920166016
59.98505783081055
60.000511169433594
60.002620697021484
60.00020217895508
60.00043487548828
60.00039291381836
59.99970245361328
60.001678466796875
59.99980163574219
60.00233459472656
60.00019454956055
60.00012969970703
59.999778747558594
59.999847412109375
60.002349853515625
59.99982452392578
59.99985122680664
60.00080108642578
60.000633239746094
59.998504638671875
60.00199890136719
60.00131607055664
60.000282287597656
59.99839782714844
59.99954605102539
59.999691009521484
60.000614166259766
60.00321578979492
60.00078582763672
60.001712799072266
60.0009880065918
60.000118255615234
59.999874114990234
59.99625778198242
60.00040054321289
60.00015640258789
60.00056457519531
59.99991989135742
60.00020980834961
60.000423431396484
59.99997329711914
60.000423431396484
60.000545501708984
60.00071716308594
60.00075912475586
60.00070571899414
60.00081253051758
59.999656677246094
60.00004959106445
60.00047302246094
59.99911117553711
60.00053024291992
60.0001335144043
59.99983215332031
60.00030517578125
59.99974822998047
60.00016403198242
60.00599670410156
59.99943161010742
60.000640869140625
60.000083923339844
60.00047302246094
60.00084686279297
60.00041961669922
59.999755859375
60.000640869140625
59.99985122680664
60.000099182128906
60.001277923583984
60.000633239746094
60.00075912475586
59.9999885559082
59.99989700317383
59.99824142456055
59.99763870239258
59.999488830566406
60.000579833984375
59.99943542480469
60.00022888183594
60.006595611572266
59.9996452331543
59.999046325683594
59.999908447265625
60.003631591796875
60.00114440917969
59.999732971191406
59.9996452331543
59.999507904052734
59.997928619384766
60.00149917602539
59.999122619628906
59.99941635131836
60.00107955932617
59.99790573120117
60.00172805786133
59.999534606933594
60.000770568847656
59.99896240234375
59.99837875366211
60.00042724609375
60.001075744628906
59.9995231628418
60.00084686279297
60.002525329589844
60.00102996826172
59.99836349487305
59.996681213378906
59.99937438964844
59.99961471557617
60.000030517578125
59.999794006347656
59.99945831298828
60.0000114440918
59.99827575683594
59.999629974365234
60.00093078613281
60.00001907348633
60.00069046020508
60.00020980834961
60.00019073486328
60.00023651123047
60.0003547668457
59.999969482421875
60.00068283081055
60.00067138671875
60.00192642211914
60.000343322753906
60.000640869140625
60.001705169677734
60.00074005126953
60.00088119506836
59.99361038208008
59.999324798583984
60.00102996826172
60.00102233886719
60.000732421875
60.00028991699219
60.00138473510742
60.000797271728516
60.00077438354492
59.999977111816406
59.99927520751953
60.000911712646484
60.000762939453125
59.999427795410156
60.00005340576172
60.00025177001953
60.00126266479492
60.00027847290039
60.00078582763672
60.00093078613281
59.9995002746582
60.00031661987305
60.000640869140625
59.99972152709961
59.99972152709961
59.999855041503906
60.00029754638672
60.0000114440918
60.0006217956543
60.00117492675781
59.999549865722656
59.99946212768555
60.00254821777344
59.99578857421875
60.002323150634766
60.00006103515625
59.99985122680664
60.00091552734375
60.00040054321289
59.999717712402344
59.99899673461914
60.00218963623047
59.99980926513672
59.999855041503906
60.000038146972656
59.99970626831055
60.000511169433594
59.9998779296875
59.999664306640625
60.000328063964844
60.00006103515625
59.99849319458008
60.00444412231445
60.00039291381836
60.000022888183594
60.00029373168945
60.00003433227539
60.00004959106445
60.00007247924805
60.0001106262207
60.00022888183594
60.00025177001953
60.00001907348633
60.00027847290039
59.99974822998047
60.000064849853516
60.00122833251953
59.9985466003418
60.00117874145508
60.00096130371094
60.000213623046875
60.000118255615234
59.9998893737793
60.00079345703125
59.99997329711914
60.0000114440918
60.0004997253418
60.00000762939453
60.0001335144043
60.0004768371582
60.0002326965332
60.000186920166016
60.00081253051758
60.0002326965332
60.003807067871094
60.001914978027344
60.00041580200195
60.00485610961914
60.01026916503906
60.00165557861328
60.00478744506836
60.00653076171875
60.0047607421875
60.003604888916016
60.00129318237305
60.0000114440918
60.00029373168945
60.00022888183594
60.0001335144043
59.999671936035156
59.999671936035156
60.0004768371582
60.0011100769043
60.000244140625
60.00028991699219
59.999961853027344
60.00019454956055
59.99943923950195
60.000247955322266
60.00040054321289
60.00114059448242
59.99928665161133
59.99717330932617
60.001163482666016
60.00075912475586
60.001914978027344
60.00725555419922
60.000091552734375
60.000179290771484
60.00106430053711
60.000343322753906
60.00009536743164
60.001747131347656
60.0015869140625
60.0013427734375
60.00159454345703
60.000953674316406
60.001136779785156
60.00164031982422
60.000823974609375
60.00070571899414
60.00172424316406
60.000606536865234
60.000572204589844
60.000640869140625
60.00008773803711
60.0006103515625
60.0
60.00008010864258
60.00089645385742
60.001869201660156
60.00008773803711
60.00025939941406
60.00099563598633
60.000083923339844
60.000736236572266
60.002037048339844
59.99905776977539
59.99896240234375
59.99831771850586
60.00071334838867
60.000282287597656
60.001155853271484
60.00009536743164
60.00106430053711
60.00042724609375
60.00187683105469
60.00128173828125
60.00008773803711
60.00063705444336
60.000587463378906
60.00057601928711
60.000160217285156
60.00008010864258
60.00046920776367
60.000022888183594
60.000770568847656
60.00177764892578
60.000457763671875
60.00179672241211
60.000213623046875
60.00237274169922
60.0008430480957
60.00083923339844
60.000282287597656
60.000328063964844
60.00065994262695
59.99859619140625
60.001827239990234
60.00188446044922
60.00068283081055
60.00068664550781
60.00124740600586
60.00067138671875
60.00205612182617
60.000999450683594
60.000003814697266
60.00236511230469
60.00017547607422
60.00110626220703
60.00096893310547
60.0004997253418
60.0020751953125
60.00010299682617
60.00124740600586
60.000572204589844
60.00035095214844
60.00121307373047
60.00068283081055
60.00109100341797
60.000553131103516
60.00098419189453
60.001651763916016
60.00068664550781
60.000728607177734
60.000736236572266
60.00087356567383
60.00192642211914
60.00083541870117
60.00080871582031
60.00054931640625
60.00050735473633
60.005496978759766
60.00050735473633
60.000675201416016
60.0014762878418
60.00088882446289
60.00113296508789
60.000850677490234
60.001399993896484
60.003082275390625
60.000755310058594
60.000953674316406
60.00114440917969
60.00035095214844
60.00126647949219
60.00068283081055
60.00153732299805
60.00017547607422
60.00065994262695
60.00004577636719
60.0001335144043
60.000877380371094
60.00265121459961
60.00154113769531
59.999671936035156
60.000450134277344
60.000667572021484
60.00144958496094
60.00083541870117
60.00096130371094
60.00069808959961
60.0006217956543
60.000999450683594
60.00102996826172
60.00022888183594
60.000274658203125
60.00033950805664
59.99996566772461
60.00028610229492
60.00075149536133
60.00039291381836
60.00115966796875
60.002044677734375
60.00030517578125
60.00148010253906
60.000431060791016
59.99971008300781
59.99981689453125
60.00017547607422
59.9998893737793
59.99953842163086
59.99970245361328
60.000614166259766
60.00095748901367
60.00033950805664
60.000938415527344
60.00086212158203
60.000247955322266
60.00069808959961
60.00170135498047
60.00059127807617
60.00068664550781
59.99908447265625
60.00062561035156
60.00013732910156
60.00100326538086
60.000553131103516
60.000144958496094
60.00336456298828
60.00050354003906
60.00167465209961
60.0007438659668
59.999664306640625
60.00025939941406
60.000362396240234
60.000831604003906
60.00065231323242
60.001991271972656
60.00056076049805
60.000431060791016
60.00109100341797
60.00037384033203
60.00035095214844
60.0008544921875
60.0004997253418
60.00114059448242
60.000858306884766
60.00001907348633
60.00078582763672
60.000850677490234
60.000205993652344
59.99867248535156
60.000186920166016
59.99976348876953
59.99980545043945
60.00078582763672
60.000389099121094
60.00051498413086
60.00032424926758
60.00019454956055
59.9990234375
60.0
59.99982833862305
59.999603271484375
60.00005340576172
60.00120162963867
59.99980545043945
60.00217819213867
59.99888610839844
60.000545501708984
59.999759674072266
59.99931716918945
60.000732421875
60.00127410888672
59.999446868896484
60.00105285644531
59.99982452392578
60.001590728759766
60.00076675415039
60.001590728759766
60.00021743774414
60.00029373168945
60.00382614135742
59.99968719482422
60.00337600708008
60.0010871887207
60.001976013183594
60.001956939697266
60.00006866455078
60.00217819213867
60.00031280517578
60.00004577636719
60.00022506713867
60.00270080566406
59.99937438964844
60.00082778930664
59.999900817871094
60.00033950805664
60.00039291381836
60.00184631347656
60.00000762939453
60.00273895263672
60.00008010864258
60.004249572753906
60.000064849853516
60.00003433227539
60.00000762939453
59.99995803833008
60.00068664550781
60.00003433227539
60.00002670288086
59.99982833862305
59.99997329711914
60.00018310546875
59.985931396484375
59.98784255981445
59.99736022949219
59.9984245300293
59.989410400390625
59.992252349853516
59.9947509765625
59.993263244628906
59.992794036865234
59.99401092529297
59.99541091918945
59.994720458984375
59.99181365966797
59.994388580322266
59.98505401611328
59.98416519165039
59.98386764526367
59.99677658081055
59.99175262451172
59.996253967285156
59.99371337890625
59.9978141784668
59.98876953125
59.99845886230469
59.998291015625
59.998897552490234
59.99967575073242
59.99958038330078
59.99701690673828
59.999664306640625
59.997100830078125
59.99903106689453
59.998870849609375
59.99924850463867
60.00016403198242
59.998512268066406
59.9980583190918
59.991661071777344
59.99861526489258
59.99619674682617
59.99710464477539
59.99674987792969
59.998897552490234
59.98908996582031
59.98760223388672
59.97272872924805
59.98945236206055
59.98493194580078
59.988059997558594
59.95536422729492
59.98286819458008
59.99537658691406
60.002193450927734
59.99742889404297
59.994834899902344
59.99925231933594
59.97306442260742
59.99550247192383
59.98039245605469
59.9931755065918
59.99101257324219
59.98724365234375
59.996578216552734
59.98063278198242
59.99565505981445
59.96746826171875
59.9838752746582
59.989871978759766
59.991573333740234
59.99508285522461
59.994178771972656
59.99728775024414
59.9965705871582
59.991695404052734
59.99250793457031
59.99266052246094
59.997676849365234
59.98447799682617
59.99336624145508
59.99844741821289
59.99505615234375
59.99699020385742
59.98838424682617
59.99403381347656
59.99225997924805
59.99143600463867
59.991844177246094
59.99348831176758
59.995094299316406
59.98659896850586
59.99046325683594
59.975738525390625
59.988792419433594
59.97531509399414
59.98918533325195
59.991878509521484
59.99235534667969
59.99324035644531
59.99462890625
59.99224853515625
59.982810974121094
59.990440368652344
59.99110794067383
59.99131774902344
59.99177932739258
59.99040603637695
59.99644470214844
59.99149703979492
59.99599838256836
59.995155334472656
59.94725799560547
60.00357437133789
59.99898147583008
59.999610900878906
59.99683380126953
59.99461364746094
59.99822998046875
60.00001907348633
59.99363708496094
59.998199462890625
59.99429702758789
59.998165130615234
59.95065689086914
59.96477508544922
59.920284271240234
59.98221969604492
59.995445251464844
59.99605941772461
59.95008850097656
59.99707794189453
59.99152374267578
59.996551513671875
59.998878479003906
59.99717712402344
59.9966926574707
59.998207092285156
60.002952575683594
59.99720764160156
59.9662971496582
59.99325942993164
59.80093002319336
59.99955368041992
60.001487731933594
59.999595642089844
59.99623107910156
59.998756408691406
60.00375747680664
59.99903106689453
59.99980545043945
59.99871063232422
59.99982452392578
60.00006866455078
59.99951171875
60.00077819824219
60.000308990478516
59.99884796142578
59.993507385253906
60.003456115722656
60.00016403198242
60.00764846801758
60.00031661987305
59.838382720947266
59.987274169921875
60.002201080322266
60.002586364746094
60.00526809692383
60.01510238647461
60.00506591796875
59.9965705871582
59.999595642089844
60.00590133666992
59.99895095825195
60.000648498535156
60.00017166137695
60.00099563598633
60.00965118408203
59.98828125
60.0033073425293
59.998435974121094
60.00020217895508
59.999488830566406
59.97936248779297
60.00540542602539
59.996185302734375
60.006378173828125
60.00068283081055
60.0003662109375
59.979488372802734
59.998451232910156
59.986812591552734
60.01292419433594
60.01032257080078
59.57770538330078
59.90328598022461
60.001094818115234
60.00167465209961
60.016746520996094
59.99954605102539
60.00012969970703
60.00210952758789
59.99993896484375
59.998329162597656
60.000282287597656
59.9659423828125
59.98971176147461
60.00144577026367
60.00688934326172
60.001182556152344
59.99892807006836
59.99821853637695
59.99891662597656
60.001220703125
60.000038146972656
60.00186538696289
60.00069808959961
60.0036735534668
59.99911880493164
59.998172760009766
60.002227783203125
60.00235366821289
59.99869155883789
59.99979019165039
60.00006866455078
59.99987030029297
59.999114990234375
60.00002670288086
59.996429443359375
59.99666976928711
59.99974822998047
59.998634338378906
59.99928665161133
59.99983596801758
59.99919891357422
59.996925354003906
59.9999885559082
60.00110626220703
59.99808120727539
59.9997444152832
59.99970245361328
59.99886703491211
60.0001106262207
59.99604034423828
59.99772644042969
59.996665954589844
59.986900329589844
59.996883392333984
60.00185012817383
59.997833251953125
60.000431060791016
60.00007247924805
59.99394989013672
60.00632095336914
59.997074127197266
60.001197814941406
60.0001335144043
59.997196197509766
59.999752044677734
59.99641799926758
59.994239807128906
59.99739074707031
59.990684509277344
59.98611831665039
59.996131896972656
60.0028190612793
60.01175308227539
59.999908447265625
59.99788284301758
59.994503021240234
59.99187469482422
59.99871826171875
59.999629974365234
59.9686164855957
59.99764633178711
60.00615692138672
60.002079010009766
60.02386474609375
59.99604415893555
59.97161102294922
59.985191345214844
59.998497009277344
59.872798919677734
59.958412170410156
59.98248291015625
59.941009521484375
59.98057174682617
59.96551513671875
59.99359130859375
59.9935302734375
59.9995002746582
59.98394775390625
59.9984245300293
59.99797821044922
59.978660583496094
60.005348205566406
60.00456619262695
59.99067687988281
60.00041198730469
59.985687255859375
60.02134704589844
59.99843215942383
59.996795654296875
59.99506759643555
59.99736785888672
59.995182037353516
59.99079513549805
59.9802360534668
59.98090744018555
59.98025131225586
59.9985466003418
59.99477005004883
59.95011901855469
59.998435974121094
59.99584197998047
59.97883987426758
59.97114562988281
59.995826721191406
59.99940490722656
59.99503707885742
59.99443817138672
59.95803451538086
60.00137710571289
59.99965286254883
60.000343322753906
59.99951171875
59.99661636352539
59.991641998291016
60.00035858154297
60.00076675415039
59.99268341064453
60.00006866455078
60.00366973876953
60.00285339355469
60.00013732910156
59.99973678588867
59.999412536621094
59.99989700317383
59.987884521484375
59.99897766113281
59.988502502441406
60.005985260009766
59.9998779296875
60.00011444091797
60.004207611083984
60.00031661987305
60.0
60.00565719604492
59.99654769897461
59.9953727722168
60.00370407104492
60.0010871887207
59.997100830078125
59.98682403564453
59.941619873046875
60.00022888183594
59.99396514892578
59.9982795715332
59.99958038330078
59.996238708496094
59.971317291259766
60.02074432373047
60.077659606933594
59.56776809692383
59.832881927490234
60.00386428833008
59.991912841796875
60.023799896240234
60.00244140625
60.001129150390625
59.999290466308594
60.003623962402344
60.00172805786133
59.99946594238281
59.99513244628906
59.98057556152344
59.99483108520508
60.00049591064453
59.998905181884766
60.00136184692383
59.99560546875
60.01784896850586
60.00772476196289
60.00066375732422
60.000030517578125
60.00274658203125
59.9989013671875
59.99091339111328
59.992095947265625
60.00104522705078
60.00204849243164
59.997894287109375
59.98819351196289
59.98774719238281
59.97565460205078
59.94178009033203
59.99834060668945
59.993133544921875
59.99324035644531
59.99552536010742
60.003074645996094
59.995582580566406
59.9869384765625
59.989532470703125
60.00028991699219
60.002079010009766
59.993316650390625
59.986732482910156
60.00117874145508
59.98398971557617
60.00030517578125
59.93630599975586
60.00057601928711
59.99872589111328
60.00028991699219
60.001007080078125
59.998626708984375
59.984737396240234
59.97357940673828
59.996788024902344
59.99343490600586
60.00014114379883
59.99687194824219
59.98336410522461
59.999900817871094
59.99998092651367
59.999935150146484
60.00018310546875
59.99992752075195
59.999752044677734
59.99995040893555
60.00009536743164
59.999961853027344
60.00006103515625
59.999969482421875
59.999942779541016
59.999290466308594
60.000282287597656
59.9999885559082
59.99869155883789
59.99990463256836
59.999900817871094
59.99993896484375
60.00000762939453
60.00004577636719
59.99989700317383
60.000003814697266
59.99977493286133
59.999900817871094
59.999755859375
59.99980545043945
59.999691009521484
59.999351501464844
59.99998474121094
60.000083923339844
60.000003814697266
60.000244140625
60.0
60.000709533691406
60.00038528442383
60.000144958496094
60.000022888183594
60.00020217895508
59.99995803833008
60.00001907348633
60.000057220458984
59.999942779541016
60.00017166137695
60.0007438659668
59.99998092651367
60.00013732910156
60.0001220703125
59.99979019165039
59.99956130981445
59.999881744384766
59.99995040893555
59.999454498291016
59.999813079833984
59.999969482421875
59.99992752075195
59.999420166015625
59.99984359741211
59.99984359741211
59.9996452331543
59.999290466308594
59.99922561645508
59.99869918823242
60.00001907348633
59.99949264526367
59.999427795410156
59.999752044677734
59.99946975708008
59.998863220214844
59.99967956542969
59.99990463256836
59.99987030029297
60.00042724609375
59.999629974365234
59.9998893737793
60.00092315673828
60.00035858154297
59.99994659423828
59.999900817871094
59.999786376953125
59.999969482421875
59.998783111572266
59.999717712402344
60.00014114379883
60.00001907348633
59.999534606933594
59.99995803833008
60.0008544921875
59.999595642089844
60.00058364868164
60.000736236572266
60.00012969970703
60.00037384033203
59.99980545043945
60.00018310546875
60.00096893310547
60.00014877319336
59.99994659423828
59.99982452392578
60.000213623046875
59.999977111816406
59.99995803833008
59.999752044677734
59.99934768676758
59.99970245361328
59.99969482421875
59.999847412109375
59.99954605102539
59.999168395996094
59.999755859375
59.99947738647461
60.00040817260742
59.99959182739258
59.999881744384766
59.9998779296875
60.00023651123047
60.000030517578125
60.00059127807617
59.99992752075195
60.00027084350586
59.99996566772461
60.00004577636719
60.000038146972656
59.999732971191406
60.00014877319336
59.9998779296875
59.999969482421875
59.999732971191406
59.99956130981445
59.999977111816406
60.00002670288086
59.999671936035156
59.99988555908203
59.99977493286133
60.00074768066406
59.99988555908203
60.00002670288086
59.99979782104492
59.999820709228516
59.99995803833008
59.99989318847656
59.99996566772461
60.00034713745117
60.0015869140625
60.00019073486328
60.00006866455078
60.000038146972656
59.999637603759766
60.00054168701172
60.00009536743164
59.999412536621094
60.000099182128906
59.998863220214844
59.999855041503906
60.00003433227539
59.99955749511719
59.99965286254883
60.00006103515625
60.00006866455078
60.000152587890625
60.000022888183594
59.99999237060547
59.999061584472656
59.99909210205078
59.99932861328125
59.999900817871094
60.00178909301758
59.999935150146484
59.999820709228516
60.000030517578125
60.000572204589844
60.00007247924805
60.00014114379883
60.00056457519531
60.00031280517578
60.000526428222656
60.00014877319336
60.00001525878906
59.99928283691406
59.99971008300781
60.0001335144043
60.0003662109375
59.999839782714844
60.00021743774414
59.99987030029297
60.00003433227539
59.99992370605469
59.99995422363281
59.99990463256836
59.99997329711914
60.00187301635742
60.00136947631836
59.99992370605469
59.9998779296875
59.99967575073242
59.99996566772461
60.00001525878906
59.999813079833984
59.999969482421875
59.999881744384766
59.99998092651367
59.999839782714844
59.99996566772461
59.99985885620117
59.999942779541016
59.99960708618164
59.99940490722656
59.99980926513672
59.99944305419922
59.99705505371094
59.99875259399414
59.999969482421875
59.999881744384766
59.999671936035156
59.99991226196289
59.99992370605469
59.99958801269531
59.99930191040039
59.999698638916016
59.99993896484375
59.99969482421875
59.99981689453125
60.000030517578125
59.99995803833008
59.99970245361328
59.99996566772461
60.000328063964844
60.00019836425781
60.0000114440918
59.99995803833008
60.001853942871094
60.00303649902344
60.00516891479492
60.00270080566406
60.00070571899414
60.00086975097656
60.00153732299805
59.99992752075195
59.99971008300781
59.999820709228516
59.99917984008789
59.998836517333984
59.99951934814453
59.99940872192383
59.9986572265625
59.99978256225586
59.99996566772461
59.999610900878906
59.99976348876953
59.999454498291016
59.99832534790039
60.000221252441406
60.0
60.00021743774414
60.00005340576172
60.0011100769043
60.002723693847656
60.00204086303711
59.9998893737793
60.00029373168945
60.00120544433594
60.00014114379883
60.00000762939453
59.99993896484375
60.00060272216797
60.00010299682617
59.99993133544922
59.99998474121094
60.000038146972656
59.99982452392578
60.00004959106445
59.999664306640625
59.99972915649414
60.00003433227539
59.999847412109375
59.99946212768555
60.000179290771484
59.998619079589844
59.99932098388672
59.999267578125
60.0
60.00005340576172
60.00067901611328
59.99978256225586
59.99961853027344
59.99995040893555
59.99808120727539
59.99970626831055
59.99838638305664
60.000099182128906
59.999691009521484
59.99909973144531
59.999473571777344
59.99937057495117
60.00029754638672
59.99956130981445
59.99974060058594
59.997314453125
59.997039794921875
59.99966049194336
59.99980926513672
59.99998474121094
60.00019836425781
60.000038146972656
60.00010299682617
59.99992752075195
59.99996566772461
59.99987030029297
59.999942779541016
59.999786376953125
59.99990463256836
59.99983596801758
59.99878692626953
59.999908447265625
59.999855041503906
60.00010299682617
59.99956512451172
60.00038146972656
59.999855041503906
60.00068283081055
59.999298095703125
60.0
59.999237060546875
59.99916458129883
59.99969482421875
60.00047302246094
60.0002555847168
60.000301361083984
59.99799728393555
59.99937438964844
59.99919128417969
59.99870300292969
60.0004997253418
59.99898910522461
60.00059509277344
60.000057220458984
59.99969482421875
60.00003433227539
59.9997673034668
59.9997673034668
59.999786376953125
59.99948501586914
60.000057220458984
59.999549865722656
60.00046920776367
60.00020217895508
59.99977111816406
59.998653411865234
60.00028991699219
60.0000114440918
59.9989128112793
59.99990463256836
59.99959182739258
59.99983596801758
59.998146057128906
59.999366760253906
59.998046875
59.99854278564453
59.99964141845703
59.9997673034668
59.9997444152832
59.999717712402344
59.999515533447266
59.998172760009766
59.9996337890625
59.99955749511719
60.00008773803711
59.99787902832031
59.999698638916016
60.00154495239258
60.00008010864258
59.99965286254883
59.99907302856445
59.99949264526367
59.998870849609375
59.99925231933594
59.99994659423828
59.999786376953125
59.999088287353516
59.99946594238281
59.99962615966797
59.999568939208984
60.00129699707031
60.00230026245117
60.001224517822266
59.99994659423828
60.00163269042969
60.000370025634766
60.00044631958008
60.000038146972656
59.999935150146484
59.999847412109375
60.000186920166016
59.99998474121094
60.0024528503418
60.00030517578125
60.00457000732422
60.001853942871094
59.999916076660156
60.00025177001953
60.00044631958008
60.000247955322266
59.99998474121094
59.999664306640625
60.00108337402344
59.99981689453125
60.00044631958008
59.99993896484375
59.99992370605469
60.001853942871094
59.999942779541016
59.99983596801758
60.00068664550781
60.0009651184082
59.999351501464844
60.00156784057617
60.00086212158203
59.999839782714844
60.001590728759766
59.99984359741211
60.00149917602539
60.000545501708984
60.000003814697266
59.99989318847656
59.99995803833008
59.99934768676758
59.99859619140625
59.999786376953125
59.99991989135742
59.9980354309082
59.99968719482422
60.00163269042969
59.997989654541016
59.99848937988281
59.97838592529297
59.99734878540039
60.00111770629883
59.99958038330078
59.999996185302734
59.997100830078125
59.9986572265625
59.99897766113281
59.99884796142578
59.99738311767578
59.999080657958984
59.99801254272461
59.95657730102539
59.99897003173828
59.995826721191406
59.99058532714844
59.9993782043457
59.990684509277344
59.99873733520508
59.98817443847656
59.98109436035156
59.98381805419922
59.997825622558594
59.99995422363281
59.994441986083984
59.995418548583984
59.998897552490234
59.99980926513672
59.99749755859375
59.998863220214844
59.99854278564453
59.99763870239258
59.997047424316406
59.99760818481445
59.99831008911133
59.99592590332031
59.99912643432617
59.99989700317383
59.99391174316406
59.99461364746094
59.99808120727539
59.99406051635742
59.99903869628906
59.998714447021484
59.99714660644531
59.992034912109375
59.99348831176758
59.99758529663086
59.99835968017578
59.996116638183594
59.992984771728516
59.99915313720703
59.99711227416992
59.97983169555664
59.99665069580078
59.99794006347656
59.999305725097656
60.0042724609375
59.99955368041992
59.999664306640625
60.00144958496094
59.9952278137207
59.99937057495117
59.999603271484375
59.997398376464844
59.999420166015625
59.994529724121094
59.992942810058594
59.997314453125
59.998165130615234
59.99724578857422
59.99851608276367
59.99662399291992
59.97867202758789
59.9981575012207
59.99020004272461
59.973331451416016
59.99797058105469
59.98948287963867
59.99935531616211
59.9953727722168
59.998085021972656
59.99690628051758
59.987220764160156
59.99827575683594
59.99208068847656
60.00003433227539
59.99984359741211
59.99605941772461
59.98957061767578
59.99525833129883
59.9996223449707
60.00082778930664
60.00040817260742
59.99418258666992
59.99857711791992
60.00041961669922
60.000396728515625
59.99960708618164
59.99921417236328
59.999881744384766
60.000328063964844
60.00179672241211
60.00365447998047
59.993133544921875
59.99991989135742
60.0035285949707
60.000789642333984
59.999603271484375
59.999794006347656
60.00009536743164
60.000247955322266
60.00044631958008
60.003273010253906
59.99720001220703
59.997764587402344
60.00321960449219
60.000755310058594
59.997310638427734
60.0002555847168
60.00014114379883
60.00419235229492
59.999603271484375
59.99833679199219
59.99424362182617
60.00196075439453
59.99977493286133
59.999393463134766
59.9987907409668
59.99931335449219
59.99814224243164
60.000003814697266
59.99996566772461
59.999454498291016
59.99980163574219
59.99979782104492
60.000423431396484
59.99995422363281
60.00056076049805
59.99939727783203
60.000038146972656
60.00115203857422
59.99993896484375
59.99915313720703
60.00011444091797
59.99589920043945
59.99790954589844
59.996986389160156
59.999053955078125
59.9963493347168
59.99831771850586
59.99966812133789
59.999961853027344
59.991371154785156
59.999542236328125
59.99504470825195
60.00114822387695
59.97764205932617
59.999629974365234
59.997493743896484
59.99587631225586
59.999755859375
59.99836730957031
60.000911712646484
59.99967956542969
59.99971008300781
60.000064849853516
59.997718811035156
59.99984359741211
59.99946975708008
59.99999237060547
59.999568939208984
60.0004997253418
59.99980163574219
60.000179290771484
59.99974822998047
60.0009651184082
60.0001106262207
59.99982452392578
60.00006866455078
59.9998779296875
60.00019454956055
59.999813079833984
60.00043487548828
59.999916076660156
60.00082015991211
59.99976348876953
59.999794006347656
60.00076675415039
59.99986267089844
60.000362396240234
59.99992370605469
60.000213623046875
59.99986267089844
60.000125885009766
59.999969482421875
60.000797271728516
59.99993896484375
60.00034713745117
60.00001525878906
60.000526428222656
59.99717712402344
59.99892807006836
59.991920471191406
60.0000114440918
60.00446319580078
59.99771499633789
59.997737884521484
60.003761291503906
60.011173248291016
59.99980163574219
59.996437072753906
59.995540618896484
60.002403259277344
60.00286865234375
59.99917984008789
59.998207092285156
60.00294876098633
60.00700378417969
59.980098724365234
59.99565887451172
59.99623489379883
60.0291748046875
60.01630401611328
60.0185432434082
60.016326904296875
60.0073356628418
60.00239562988281
60.01081848144531
60.012691497802734
60.006011962890625
60.01015090942383
60.00104522705078
60.0087890625
60.00121307373047
60.000022888183594
60.010581970214844
60.00282669067383
60.00159454345703
59.99774932861328
60.00776672363281
59.99903106689453
59.99849319458008
59.99919509887695
59.99919509887695
59.99983596801758
60.00022506713867
60.00023651123047
59.99950408935547
59.99862289428711
59.999752044677734
60.00030517578125
60.00052261352539
59.9998893737793
60.000003814697266
60.000099182128906
59.99945068359375
60.000038146972656
59.99983215332031
60.00018310546875
59.99903106689453
59.99967575073242
60.000633239746094
59.9997673034668
59.99967956542969
60.000492095947266
59.99919891357422
59.999759674072266
59.999576568603516
59.99943923950195
59.99940490722656
59.99974822998047
59.999717712402344
59.999839782714844
59.99943923950195
60.00004577636719
59.99974822998047
59.999603271484375
60.00056457519531
60.0003776550293
59.99967575073242
59.9996223449707
59.99934387207031
59.999454498291016
59.99940490722656
59.99992752075195
59.999610900878906
59.999549865722656
59.999839782714844
59.99951171875
59.99953079223633
59.999820709228516
59.99983596801758
59.99976348876953
59.99959182739258
59.99966812133789
59.99977493286133
59.99947738647461
59.9992561340332
60.0004768371582
59.999473571777344
59.99995803833008
60.00071716308594
59.9995231628418
60.000064849853516
60.00014114379883
60.000396728515625
60.00119400024414
60.00163269042969
60.00001525878906
60.00065612792969
60.00006103515625
59.99965286254883
59.99983215332031
60.000709533691406
60.00025939941406
59.998355865478516
59.9992561340332
59.99938201904297
59.99901580810547
59.999794006347656
59.99952697753906
59.99958801269531
59.99994659423828
59.99973678588867
59.99985122680664
60.00004959106445
59.99989700317383
59.99959182739258
59.99454879760742
60.00251007080078
60.000179290771484
59.99861145019531
60.01372146606445
60.01708984375
60.01029968261719
59.9970588684082
60.00356674194336
60.00531768798828
59.99739456176758
60.00122833251953
60.00663757324219
59.99961471557617
59.99998474121094
59.993675231933594
59.999053955078125
59.998226165771484
59.99748611450195
60.00457000732422
60.00080490112305
59.9965705871582
60.005977630615234
89.705322265625
86.25294494628906
89.12559509277344
86.90471649169922
77.82391357421875
85.88130950927734
78.83245849609375
78.83245849609375
86.3171615600586
82.96932983398438
86.97748565673828
87.24810791015625
86.38145446777344
78.14178466796875
85.2039566040039
84.41168212890625
88.61339569091797
81.16007232666016
83.93669128417969
89.76028442382812
89.92440795898438
81.95158386230469
72.30413055419922
84.70401000976562
87.75110626220703
80.05204010009766
82.7702407836914
89.20773315429688
89.20773315429688
88.49120330810547
76.09443664550781
81.00544738769531
88.45149230957031
88.34500885009766
62.94878387451172
65.79341888427734
88.66742706298828
86.20691680908203
67.86720275878906
63.91322326660156
38.76027297973633
88.41546630859375
88.41546630859375
82.43299102783203
82.68889617919922
82.68889617919922
79.33057403564453
89.53035736083984
78.42887115478516
78.42887115478516
85.94142150878906
89.6301498413086
84.25614166259766
83.4500732421875
79.00093841552734
54.602317810058594
51.794952392578125
84.84892272949219
83.36276245117188
87.86614227294922
82.67572784423828
69.79010772705078
87.72044372558594
88.37127685546875
89.0253677368164
89.0253677368164
89.0253677368164
89.0253677368164
89.89303588867188
89.89303588867188
87.79155731201172
89.85295104980469
89.85295104980469
83.21995544433594
89.00410461425781
83.21995544433594
89.87744903564453
89.87744903564453
87.36306762695312
87.39389038085938
86.72110748291016
87.54158782958984
87.54158782958984
71.78005981445312
83.2448501586914
83.2448501586914
88.97649383544922
89.21968841552734
89.21968841552734
89.35941314697266
72.80198669433594
74.89691925048828
78.45735931396484
82.76997375488281
89.19230651855469
80.26972961425781
85.99969482421875
85.99969482421875
85.93415069580078
87.81813049316406
30.3609561920166
46.05693054199219
83.85270690917969
83.85270690917969
89.31582641601562
89.31582641601562
86.68482208251953
86.68482208251953
88.54207611083984
43.952762603759766
64.89220428466797
85.0738754272461
83.09902954101562
88.19862365722656
86.35737609863281
17.4395751953125
86.89293670654297
76.71754455566406
87.72560119628906
89.09554290771484
89.8448715209961
89.8448715209961
66.49090576171875
66.49090576171875
86.228271484375
84.75104522705078
84.63897705078125
89.1229019165039
86.6975326538086
67.98114013671875
63.41143798828125
82.85345458984375
77.65913391113281
74.72634887695312
80.80488586425781
82.01985931396484
73.00712585449219
87.48241424560547
68.18032836914062
86.0605239868164
86.0605239868164
88.88939666748047
87.77945709228516
87.63166046142578
87.02777099609375
85.61498260498047
82.32662963867188
88.3820571899414
83.3660659790039
86.64595794677734
81.57183837890625
81.6246109008789
78.97843170166016
78.97843170166016
65.21607971191406
85.73949432373047
85.73949432373047
87.54224395751953
87.57786560058594
87.20347595214844
83.33724975585938
88.28141784667969
46.389163970947266
88.83899688720703
67.2457046508789
89.78199768066406
89.56822967529297
89.77302551269531
89.52174377441406
89.68518829345703
88.61483001708984
89.02445983886719
89.71656036376953
89.55809783935547
25.560611724853516
89.74506378173828
89.28257751464844
89.81402587890625
89.62870025634766
80.91363525390625
88.4056625366211
74.48467254638672
89.34434509277344
69.21110534667969
86.0565414428711
87.49359893798828
86.95289611816406
81.24440002441406
89.13131713867188
89.47288513183594
89.97850036621094
21.94515609741211
84.60315704345703
21.94515609741211
81.12045288085938
89.62702941894531
89.62702941894531
89.62702941894531
89.62702941894531
54.64630126953125
61.37873077392578
88.3503189086914
86.21797943115234
84.6634750366211
89.20023345947266
89.05049896240234
84.06703186035156
89.1502685546875
89.63951110839844
82.10536193847656
82.10536193847656
75.9072265625
82.2918472290039
84.34871673583984
82.73407745361328
87.03389739990234
87.54447937011719
68.51825714111328
72.5421142578125
85.00494384765625
88.58271789550781
86.5090103149414
87.90785217285156
65.95282745361328
77.73690032958984
71.65096282958984
76.8853530883789
76.8853530883789
76.8853530883789
88.50675201416016
86.4068374633789
84.88540649414062
86.4068374633789
86.4068374633789
87.56481170654297
87.56481170654297
83.2330093383789
88.18080139160156
88.34684753417969
83.9189453125
89.67719268798828
83.40666961669922
88.21920013427734
84.90553283691406
88.82215881347656
88.8319320678711
88.83580780029297
83.38676452636719
76.69554138183594
88.18080139160156
31.10371971130371
88.03591918945312
87.06460571289062
82.77757263183594
84.68083190917969
87.33296966552734
82.55085754394531
88.62297058105469
76.14676666259766
82.07066345214844
89.78778076171875
86.82441711425781
89.45116424560547
88.24091339111328
85.15971374511719
86.53763580322266
49.06840896606445
86.28678131103516
87.06732940673828
53.27839279174805
47.62541961669922
72.12616729736328
76.56771087646484
89.53759765625
50.19469451904297
76.81475830078125
47.660789489746094
68.09430694580078
86.99811553955078
54.44035720825195
84.10259246826172
84.10259246826172
84.10259246826172
59.4643440246582
88.02323913574219
80.54302215576172
84.00550079345703
82.82562255859375
80.48039245605469
75.41352081298828
21.879993438720703
88.98639678955078
80.73946380615234
87.32746887207031
68.6480484008789
89.42205810546875
85.75459289550781
87.35519409179688
89.55998992919922
79.26464080810547
81.0005874633789
81.07735443115234
73.02424621582031
87.81360626220703
87.39192199707031
86.0186767578125
89.52909851074219
80.43792724609375
84.96772003173828
49.059207916259766
82.50526428222656
76.14591217041016
72.92510986328125
72.92510986328125
72.92510986328125
88.57730102539062
88.57730102539062
58.3950309753418
88.57730102539062
78.296142578125
86.86309814453125
76.69689178466797
76.1572265625
84.3909683227539
40.29281234741211
71.82244873046875
71.82244873046875
89.38433074951172
58.387935638427734
83.31175994873047
66.38151550292969
84.2868423461914
87.08433532714844
87.21900939941406
86.35004425048828
88.63101196289062
88.63101196289062
86.5602035522461
78.62286376953125
22.116180419921875
87.58656311035156
69.18834686279297
89.68049621582031
88.1598129272461
88.1598129272461
88.1598129272461
87.44256591796875
87.44256591796875
87.44256591796875
87.44256591796875
89.15538787841797
87.44256591796875
85.50825500488281
85.70417022705078
85.70417022705078
85.70417022705078
85.70417022705078
85.70417022705078
87.81948852539062
85.70417022705078
85.70417022705078
85.17671203613281
82.35582733154297
88.40253448486328
88.64802551269531
89.85367584228516
87.92560577392578
79.62350463867188
87.2783203125
70.80022430419922
75.96924591064453
80.25896453857422
80.25896453857422
86.734130859375
87.62136840820312
49.884178161621094
83.97010803222656
67.26476287841797
77.41018676757812
87.10968017578125
84.20585632324219
82.90777587890625
80.38478088378906
51.766357421875
66.50657653808594
66.50657653808594
66.50657653808594
66.50657653808594
83.85759735107422
86.30243682861328
86.5012435913086
86.30243682861328
83.90679168701172
89.12403106689453
88.41405487060547
81.90856170654297
87.730224609375
88.0804214477539
86.10848236083984
79.30326080322266
60.73592758178711
86.60157775878906
86.60157775878906
89.25365447998047
82.7034683227539
76.6199722290039
87.2327880859375
39.25322341918945
70.44950103759766
70.35771179199219
66.69273376464844
68.72742462158203
83.56930541992188
86.38103485107422
88.75416564941406
51.514404296875
51.514404296875
88.33441925048828
44.36260986328125
85.1230239868164
88.25993347167969
83.10110473632812
82.06636810302734
88.71849822998047
88.71849822998047
54.84608459472656
54.84608459472656
87.75491333007812
89.3001480102539
89.16850280761719
88.47480773925781
84.49860382080078
80.72148132324219
70.0768051147461
89.38883209228516
30.445220947265625
72.93348693847656
61.381622314453125
86.04032897949219
84.77100372314453
86.89684295654297
78.22117614746094
50.96910858154297
82.1766586303711
82.1766586303711
64.68274688720703
89.13304138183594
88.84286499023438
88.99822235107422
88.99822235107422
70.0014877319336
83.1853256225586
86.89684295654297
86.89684295654297
18.418140411376953
13.188037872314453
29.203813552856445
80.21317291259766
84.65555572509766
84.65555572509766
88.05968475341797
69.75791931152344
89.31385040283203
89.11917877197266
88.47863006591797
87.97638702392578
89.77520751953125
89.26740264892578
89.2637939453125
86.94843292236328
87.93841552734375
89.2669677734375
89.02129364013672
88.57269287109375
88.5844955444336
88.6996841430664
85.05941009521484
89.8236083984375
89.87640380859375
89.64954376220703
88.75526428222656
84.38215637207031
89.04560852050781
89.01217651367188
89.66188049316406
89.70441436767578
89.50518035888672
82.29596710205078
89.94380950927734
89.88020324707031
87.30415344238281
80.258544921875
59.7495231628418
89.59662628173828
74.3485336303711
74.3485336303711
74.3485336303711
89.57738494873047
82.00019836425781
89.57738494873047
89.57738494873047
87.98717498779297
81.13606262207031
86.05098724365234
85.88907623291016
89.1780776977539
89.1780776977539
89.1780776977539
89.1780776977539
89.1780776977539
89.22730255126953
89.046875
87.37138366699219
89.6640396118164
89.13877868652344
84.75048065185547
89.19024658203125
88.98645782470703
81.85946655273438
89.45235443115234
89.50154113769531
86.4909896850586
87.1155776977539
81.52460479736328
79.35334777832031
89.19764709472656
86.24154663085938
69.21208190917969
82.1048812866211
89.23121643066406
89.54503631591797
88.41151428222656
89.23574829101562
88.9959487915039
88.9959487915039
89.38992309570312
85.65930938720703
89.5072021484375
89.5072021484375
74.6956558227539
57.61676025390625
57.61676025390625
80.05426788330078
87.04249572753906
88.90249633789062
89.48113250732422
88.92813873291016
89.0949935913086
87.83685302734375
87.07098388671875
79.54508972167969
87.21798706054688
88.84178924560547
89.68746948242188
89.44815826416016
88.11781311035156
88.11781311035156
87.22413635253906
84.27217102050781
89.62068939208984
89.46387481689453
89.33990478515625
89.23899841308594
89.82942199707031
86.09949493408203
88.27924346923828
88.82456970214844
89.37928771972656
84.13908386230469
84.13908386230469
89.43064880371094
88.2274398803711
80.32872009277344
80.32872009277344
77.79644775390625
84.76438903808594
86.4695816040039
86.125
79.87142181396484
76.55128479003906
89.53528594970703
80.50750732421875
80.2145004272461
84.13908386230469
81.04273986816406
68.93185424804688
86.62455749511719
87.43331146240234
43.518375396728516
88.6968994140625
85.38751220703125
85.66908264160156
89.80525970458984
40.10227966308594
88.87113952636719
72.24169158935547
73.56621551513672
72.40930938720703
72.40930938720703
80.61902618408203
89.70613861083984
65.53720092773438
81.14681243896484
71.80397033691406
57.478389739990234
66.89885711669922
82.52587127685547
69.88497924804688
59.30290222167969
72.75765991210938
83.97941589355469
84.55292510986328
88.16612243652344
81.2167739868164
84.72541046142578
86.337646484375
89.34906768798828
89.34906768798828
60.30193328857422
88.69444274902344
61.07402038574219
85.29154968261719
85.3702163696289
81.52523040771484
60.513641357421875
81.1623306274414
85.92486572265625
85.92486572265625
89.53319549560547
89.53319549560547
89.64253997802734
89.64253997802734
61.07402038574219
89.92374420166016
83.686279296875
82.16474151611328
89.88811492919922
84.1777114868164
84.1777114868164
65.6270523071289
76.62651824951172
87.11001586914062
86.43865203857422
86.11402893066406
85.79237365722656
83.71354675292969
84.1971435546875
69.15428161621094
88.45559692382812
89.13848114013672
87.86708068847656
75.15897369384766
81.66710662841797
73.48755645751953
88.52275085449219
86.24269104003906
78.2646713256836
88.8976821899414
82.26412963867188
48.127235412597656
88.81034851074219
89.1286392211914
88.15396118164062
65.88685607910156
89.54752349853516
88.04359436035156
86.76875305175781
88.281005859375
87.37347412109375
84.99636840820312
84.60198974609375
81.68186950683594
86.35600280761719
86.53973388671875
87.60830688476562
83.55130004882812
82.04784393310547
84.52674102783203
87.46388244628906
89.64472961425781
88.61520385742188
88.9883804321289
88.9883804321289
89.03449249267578
61.915618896484375
82.04258728027344
77.90843963623047
77.90843963623047
77.90843963623047
87.12431335449219
86.81238555908203
89.5594253540039
88.77666473388672
89.4720230102539
81.63468170166016
82.89009857177734
89.60276794433594
88.75125122070312
78.72716522216797
78.72716522216797
87.33319854736328
86.77141571044922
81.39828491210938
77.85200500488281
75.9072265625
85.34767150878906
88.22905731201172
89.01441192626953
85.5776138305664
89.26384735107422
89.26384735107422
74.48518371582031
79.59176635742188
88.29190826416016
87.0274429321289
88.57721710205078
89.45594024658203
88.57721710205078
81.70270538330078
89.9326400756836
34.92695617675781
89.54437255859375
80.47840118408203
88.56837463378906
86.545166015625
86.59085845947266
70.63710021972656
69.54100799560547
88.64790344238281
89.69876861572266
85.85639190673828
87.91649627685547
77.77124786376953
77.82056427001953
66.65704345703125
80.463623046875
81.35443115234375
81.35443115234375
86.41531372070312
86.41531372070312
74.79295349121094
89.94573974609375
69.40174865722656
14.908172607421875
54.96084213256836
83.33695220947266
89.67338562011719
88.9619369506836
74.21793365478516
88.1702880859375
88.9448471069336
87.6158447265625
89.21338653564453
89.84062957763672
89.81725311279297
89.81725311279297
88.6968994140625
77.00078582763672
68.63325500488281
84.40994262695312
85.8604965209961
83.29653930664062
83.13045501708984
83.13045501708984
87.52415466308594
83.5786361694336
84.74700164794922
89.4867172241211
89.4867172241211
76.38676452636719
89.45886993408203
58.12779998779297
86.82201385498047
89.63217163085938
89.63217163085938
89.57806396484375
89.64376831054688
85.20794677734375
81.62246704101562
64.97657775878906
46.8747673034668
84.21894073486328
85.85607147216797
62.396053314208984
76.1141357421875
76.1141357421875
77.95177459716797
88.08671569824219
81.62246704101562
88.90290069580078
66.13155364990234
87.35027313232422
89.61490631103516
89.61490631103516
77.53152465820312
71.28620910644531
82.36365509033203
89.33912658691406
87.14877319335938
89.48544311523438
86.9344711303711
77.31954193115234
82.10734558105469
86.05084991455078
86.05084991455078
86.05084991455078
86.05084991455078
86.3113784790039
86.3113784790039
83.2688217163086
62.59687042236328
84.54322052001953
89.62749481201172
87.56767272949219
89.2171630859375
77.92137908935547
80.74705505371094
87.45840454101562
79.95667266845703
79.95667266845703
79.95667266845703
79.95667266845703
85.10078430175781
79.12137603759766
85.25117492675781
84.51801300048828
88.33750915527344
89.12886047363281
82.29240417480469
74.21830749511719
84.15474700927734
80.09141540527344
86.04239654541016
84.46619415283203
85.93962860107422
84.46619415283203
85.88299560546875
87.72329711914062
87.72329711914062
89.4162368774414
84.51801300048828
89.22969055175781
89.78804016113281
81.85710906982422
83.96409606933594
82.3729476928711
89.75715637207031
89.61470794677734
83.79669189453125
88.10941314697266
87.32829284667969
87.32829284667969
89.02922821044922
89.02922821044922
85.6462173461914
88.86563110351562
85.6462173461914
85.6462173461914
89.48283386230469
88.98977661132812
88.98977661132812
84.7846450805664
87.22413635253906
85.83773803710938
75.6993408203125
88.81556701660156
75.56287384033203
88.81556701660156
89.76685333251953
89.01185607910156
86.93123626708984
86.93123626708984
87.79749298095703
86.05299377441406
48.2709846496582
39.46592712402344
86.41108703613281
83.90569305419922
88.5453109741211
89.8590087890625
89.22372436523438
87.21137237548828
85.59461975097656
87.9359359741211
58.71231460571289
70.63594055175781
84.23140716552734
86.30864715576172
89.85089111328125
86.93238067626953
88.47142791748047
89.60488891601562
88.90141296386719
89.42916870117188
28.046646118164062
28.046646118164062
71.98430633544922
75.2633056640625
71.98430633544922
71.98430633544922
71.98430633544922
80.1592025756836
89.37996673583984
89.50725555419922
88.90141296386719
88.90141296386719
27.78805923461914
27.78805923461914
86.67137908935547
27.78805923461914
89.22808837890625
87.96403503417969
87.96403503417969
89.25718688964844
82.69426727294922
85.63168334960938
85.29557037353516
86.90686798095703
85.27951049804688
22.140417098999023
85.95793914794922
86.52628326416016
89.55608367919922
51.491878509521484
74.5853042602539
89.80525970458984
89.63053131103516
65.69390869140625
77.1727523803711
60.509864807128906
86.93711853027344
88.44670867919922
76.15928649902344
86.00627136230469
87.64028930664062
89.3208236694336
89.00022888183594
85.47635650634766
82.03895568847656
77.52519226074219
89.8323974609375
80.372314453125
55.71257019042969
88.75969696044922
84.66112518310547
87.65538024902344
54.48194122314453
84.66112518310547
89.60125732421875
80.97579956054688
82.145263671875
88.8683853149414
72.13925170898438
88.8683853149414
60.31476974487305
87.03569793701172
86.73854064941406
86.06037902832031
89.65216827392578
87.71527099609375
44.803165435791016
24.19040298461914
89.51319885253906
84.37782287597656
76.71881866455078
84.90314483642578
88.85490417480469
53.982852935791016
71.47786712646484
87.1681900024414
85.14645385742188
89.83293151855469
89.3223648071289
82.41637420654297
81.97119140625
41.727264404296875
88.86836242675781
53.04154968261719
87.11621856689453
77.50537872314453
86.57769775390625
89.37177276611328
84.51801300048828
83.95063018798828
85.87741088867188
87.58049774169922
28.195722579956055
84.71939849853516
50.76395797729492
86.51361083984375
84.74182891845703
84.74182891845703
70.54226684570312
84.15474700927734
82.13893127441406
40.72052001953125
35.09487533569336
35.09487533569336
87.53622436523438
88.92345428466797
72.33792114257812
69.21817016601562
62.73838806152344
83.11521911621094
89.6420669555664
84.35624694824219
66.65704345703125
85.09302520751953
68.57443237304688
89.12559509277344
85.71761322021484
89.6301498413086
87.37467956542969
65.34882354736328
82.01317596435547
83.25225067138672
85.86019134521484
80.00366973876953
85.83773803710938
85.83773803710938
69.5647964477539
69.5647964477539
66.77384948730469
66.77384948730469
68.1790771484375
51.70854187011719
85.40673065185547
87.19287872314453
61.30248260498047
61.30248260498047
83.028564453125
89.0067367553711
78.391845703125
68.63197326660156
68.63197326660156
89.49797058105469
59.04004669189453
84.76718139648438
89.36180114746094
85.6293716430664
89.57044219970703
88.06488800048828
84.51697540283203
80.50750732421875
20.778507232666016
78.54351806640625
89.92471313476562
86.40971374511719
68.1224594116211
86.1001205444336
89.32811737060547
89.32811737060547
85.66856384277344
88.42787170410156
88.80390167236328
84.34154510498047
82.3140640258789
86.13982391357422
89.13700103759766
87.52356719970703
83.16187286376953
89.85115051269531
86.32422637939453
82.25718688964844
89.1283950805664
89.19080352783203
85.96289825439453
85.91240692138672
86.37406158447266
89.79724884033203
86.27179718017578
64.6740951538086
71.37079620361328
84.62496948242188
89.1451187133789
87.55677032470703
87.55677032470703
75.12464904785156
81.89585876464844
88.5118408203125
88.32095336914062
84.2214584350586
80.47566223144531
80.2031478881836
80.59171295166016
60.94438934326172
87.66629791259766
87.66629791259766
87.66629791259766
69.68927764892578
82.64678192138672
66.86347961425781
88.94947052001953
70.72962951660156
86.8853759765625
86.65039825439453
82.72062683105469
88.73001098632812
81.08889770507812
72.751220703125
88.18529510498047
45.803524017333984
60.77922821044922
83.591064453125
89.28387451171875
87.39816284179688
89.89555358886719
69.5647964477539
69.5647964477539
89.54790496826172
82.8653335571289
87.41822052001953
85.7571792602539
85.59407043457031
84.84310913085938
56.370391845703125
72.46796417236328
88.9381332397461
85.16983795166016
88.63544464111328
74.18046569824219
70.69913482666016
74.18046569824219
22.352230072021484
61.71553421020508
89.29550170898438
87.73794555664062
88.82901763916016
76.64708709716797
89.71387481689453
88.96424865722656
88.18049621582031
77.3714599609375
78.6987075805664
78.6987075805664
56.76350402832031
88.63843536376953
85.18599700927734
85.18599700927734
85.8267822265625
77.44773864746094
33.28630065917969
82.18997955322266
63.11387634277344
76.31720733642578
76.31720733642578
46.17335891723633
86.09129333496094
77.26325225830078
77.26325225830078
84.13169860839844
88.38330841064453
76.16375732421875
76.96302795410156
84.46929168701172
67.67570495605469
46.92794418334961
73.30805206298828
89.18267059326172
86.62281036376953
81.6102066040039
80.60374450683594
73.16324615478516
79.29161071777344
84.12975311279297
78.61128997802734
13.225567817687988
13.225567817687988
89.22252655029297
76.68822479248047
85.30389404296875
89.14830017089844
88.14395141601562
88.2911148071289
89.88021850585938
88.9363784790039
60.168949127197266
83.28019714355469
89.6563720703125
89.75178527832031
89.75178527832031
88.72509765625
89.77787017822266
78.2528305053711
88.59519958496094
89.62515258789062
89.74280548095703
64.87745666503906
60.43947982788086
24.839496612548828
37.50284957885742
75.95402526855469
88.20570373535156
77.2052230834961
67.87425994873047
84.76399230957031
76.62153625488281
81.57425689697266
87.43162536621094
67.13853454589844
65.75639343261719
83.47655487060547
83.23604583740234
44.14829635620117
88.58006286621094
88.55109405517578
82.779052734375
82.42808532714844
89.57037353515625
88.44159698486328
81.30528259277344
54.20956802368164
86.48296356201172
77.9474105834961
86.37345886230469
83.71043395996094
85.68238830566406
77.90896606445312
54.032142639160156
54.032142639160156
86.92559051513672
89.4510726928711
86.92571258544922
83.8565902709961
74.5853042602539
89.52263641357422
87.82261657714844
86.99134063720703
87.52552795410156
62.71520233154297
62.71520233154297
88.73308563232422
83.71605682373047
83.71605682373047
83.71605682373047
88.50206756591797
79.08568572998047
81.22301483154297
53.49677658081055
82.70811462402344
84.19584655761719
82.01069641113281
88.11428833007812
77.32357025146484
77.99925231933594
89.33565521240234
88.93367767333984
79.57820129394531
89.37154388427734
87.71930694580078
13.195829391479492
89.79518127441406
85.77423095703125
89.59077453613281
65.33050537109375
84.4524154663086
87.18946838378906
86.32386779785156
87.18946838378906
86.21448516845703
86.21448516845703
89.54180908203125
89.54180908203125
82.18263244628906
86.97068786621094
86.97068786621094
89.44493865966797
85.44459533691406
85.44459533691406
68.3136215209961
88.26587677001953
56.22610092163086
77.0945053100586
68.63197326660156
81.31299591064453
55.67121887207031
42.47544479370117
81.72380828857422
87.12638854980469
87.12638854980469
80.08544921875
86.0714111328125
57.07487487792969
84.94733428955078
24.394119262695312
85.7073974609375
27.435253143310547
88.8683853149414
32.533329010009766
88.25794982910156
68.89471435546875
72.87286376953125
88.97712707519531
50.380165100097656
39.63172912597656
81.52296447753906
85.32962799072266
87.00481414794922
89.85091400146484
87.03569793701172
25.427827835083008
87.33222198486328
84.36482238769531
86.73854064941406
82.02278900146484
82.02278900146484
61.02177047729492
61.02177047729492
85.3484878540039
51.921688079833984
89.0673828125
86.96913146972656
35.09487533569336
84.005126953125
87.28096771240234
87.28096771240234
62.43058776855469
85.08106231689453
87.14877319335938
84.29348754882812
87.46477508544922
87.8995132446289
85.10078430175781
88.72354125976562
87.10033416748047
85.29557037353516
85.29557037353516
80.64093780517578
85.9759521484375
77.9873046875
80.67024230957031
77.9873046875
77.9873046875
70.95204162597656
71.0143814086914
71.0143814086914
87.03052520751953
63.62506866455078
86.0605239868164
85.5571060180664
30.053489685058594
83.32909393310547
37.028324127197266
88.51801300048828
70.80525970458984
89.06448364257812
89.06448364257812
89.06448364257812
66.49090576171875
71.8650894165039
89.78690338134766
82.60577392578125
41.29230499267578
77.85200500488281
66.98426055908203
88.00584411621094
89.45331573486328
86.64595794677734
40.194488525390625
87.6017837524414
89.16397094726562
89.16397094726562
83.95557403564453
89.16397094726562
70.20760345458984
89.47970581054688
80.27210235595703
72.58905792236328
80.33989715576172
86.58683013916016
63.94303512573242
63.94303512573242
89.37718200683594
87.32383728027344
83.53146362304688
38.57390213012695
88.91507720947266
80.59933471679688
70.88847351074219
86.89684295654297
87.04621887207031
52.84736251831055
77.79318237304688
87.76148223876953
84.20103454589844
83.83502960205078
88.5932846069336
65.85953521728516
73.79100036621094
88.4367904663086
88.4367904663086
86.24034118652344
86.24034118652344
18.260250091552734
89.14259338378906
83.97413635253906
84.28547668457031
83.19927978515625
83.19927978515625
66.7336654663086
80.32449340820312
72.64680480957031
79.95735931396484
38.831153869628906
38.831153869628906
89.64324951171875
83.84959411621094
83.2448501586914
83.2448501586914
80.78298950195312
67.3817138671875
70.97086334228516
88.29331970214844
81.88874816894531
59.631072998046875
89.78309631347656
71.85233306884766
85.02381896972656
60.380863189697266
78.37181854248047
59.765586853027344
63.02375030517578
88.64912414550781
63.57829666137695
21.556262969970703
57.95055389404297
87.80644989013672
84.16213989257812
82.91849517822266
88.31268310546875
82.612060546875
66.538330078125
89.8950424194336
79.88965606689453
85.07261657714844
58.229278564453125
65.69390869140625
89.15087890625
62.798187255859375
89.92839813232422
88.80574035644531
69.66986846923828
69.66986846923828
83.06949615478516
75.82205963134766
89.4583969116211
88.41707611083984
82.28863525390625
89.6845703125
88.39912414550781
86.79556274414062
86.79556274414062
67.15043640136719
83.02203369140625
86.06426239013672
87.81360626220703
88.4700927734375
89.49449920654297
86.23739624023438
88.58600616455078
89.23176574707031
89.01863098144531
73.698974609375
89.147216796875
89.57878112792969
87.65274047851562
87.76058197021484
87.76058197021484
89.75575256347656
89.64936828613281
89.64936828613281
89.64936828613281
86.7744140625
74.02142333984375
62.88976287841797
73.80601501464844
62.6545524597168
75.01666259765625
75.01666259765625
83.39027404785156
89.87899780273438
89.50382232666016
89.50382232666016
24.19040298461914
88.66725158691406
88.66725158691406
88.66725158691406
71.9458999633789
83.29961395263672
78.67108154296875
63.160194396972656
62.59687042236328
88.74427032470703
78.62855529785156
89.88330841064453
89.2374496459961
51.514404296875
21.269241333007812
84.57923126220703
23.790172576904297
64.6136703491211
70.39554595947266
84.4781723022461
50.223236083984375
89.67076873779297
60.830745697021484
60.830745697021484
82.40242767333984
40.43258285522461
87.46652221679688
65.00535583496094
65.00535583496094
88.83899688720703
62.885738372802734
88.29281616210938
67.86720275878906
67.86720275878906
89.37163543701172
27.587677001953125
89.02633666992188
75.220703125
74.49613952636719
81.92803955078125
74.4968490600586
87.60604095458984
87.60604095458984
77.68671417236328
62.78571701049805
62.78571701049805
79.64900207519531
81.61470031738281
88.37812805175781
85.34673309326172
89.19764709472656
80.00366973876953
81.09573364257812
89.5558853149414
89.95197296142578
89.95197296142578
89.8323974609375
89.8323974609375
86.07012939453125
81.75880432128906
33.70647048950195
88.19740295410156
72.88404846191406
73.44010162353516
84.8731460571289
88.68168640136719
88.6664810180664
81.62246704101562
88.21732330322266
88.21732330322266
87.31671905517578
77.13957214355469
45.11383819580078
69.7822036743164
85.98149108886719
86.17029571533203
89.63053131103516
76.8451156616211
87.47427368164062
37.39254379272461
82.4454345703125
84.05501556396484
89.29708099365234
89.29708099365234
63.15322494506836
77.7698745727539
86.40270233154297
75.11360931396484
82.06890106201172
78.37813568115234
84.7921371459961
81.01927185058594
89.0067367553711
55.311763763427734
81.59931182861328
87.3680419921875
81.99634552001953
81.99634552001953
88.45100402832031
89.05003356933594
77.1727523803711
77.1727523803711
89.60344696044922
52.113685607910156
79.32371520996094
85.1646499633789
87.44316864013672
83.59349060058594
78.04130554199219
81.04733276367188
85.35811614990234
84.23126983642578
84.23126983642578
29.548900604248047
88.59519958496094
89.51404571533203
89.53958129882812
88.8591537475586
81.53575897216797
81.53575897216797
85.33183288574219
89.67184448242188
67.41403198242188
88.6254653930664
27.27819061279297
80.9759750366211
35.81421661376953
88.18488311767578
89.8882064819336
85.75875854492188
87.10985565185547
88.51415252685547
80.16041564941406
89.7665786743164
89.51737213134766
85.93505096435547
89.17179107666016
87.22484588623047
87.22484588623047
88.28617858886719
88.6274185180664
86.30709075927734
89.48982238769531
89.48982238769531
81.88184356689453
84.06279754638672
10.856976509094238
85.22341918945312
85.22341918945312
88.33231353759766
57.79692840576172
68.11100006103516
89.3790512084961
68.11100006103516
68.11100006103516
89.73401641845703
87.3374252319336
74.87155151367188
86.90602111816406
79.5191421508789
85.56358337402344
83.82989501953125
42.07834243774414
79.60614776611328
82.0899887084961
81.73152160644531
88.16944885253906
86.95238494873047
85.61405181884766
87.7674789428711
43.98899459838867
83.028564453125
87.6372299194336
85.33573913574219
87.6575698852539
73.03681945800781
28.217540740966797
89.78022766113281
89.2260971069336
89.2260971069336
79.41249084472656
86.92314910888672
39.64259719848633
86.00956726074219
88.2830581665039
88.75969696044922
82.5182113647461
87.82186126708984
71.43382263183594
76.45247650146484
48.27037048339844
87.53622436523438
89.84782409667969
84.01193237304688
84.1662826538086
84.81605529785156
85.43959045410156
78.90019989013672
62.48192596435547
74.01734924316406
88.96864318847656
87.6006088256836
82.13075256347656
82.75797271728516
79.51632690429688
79.16783142089844
80.53019714355469
88.01294708251953
19.23297119140625
82.30366516113281
77.0417709350586
61.87149429321289
70.04582214355469
42.34190368652344
89.44207000732422
87.20448303222656
31.900524139404297
88.85490417480469
81.16159057617188
48.820281982421875
87.40231323242188
18.7889404296875
89.05191040039062
60.509864807128906
83.33771514892578
71.79718780517578
69.03614044189453
83.27333068847656
74.86001586914062
66.57337951660156
87.17467498779297
87.17467498779297
69.08445739746094
81.56051635742188
32.197994232177734
77.88316345214844
46.05693054199219
89.71778106689453
80.885498046875
89.83464050292969
71.4896469116211
88.05386352539062
46.91875076293945
89.40543365478516
89.38433074951172
83.95063018798828
89.80372619628906
86.88227844238281
54.2589225769043
68.40373992919922
60.522499084472656
87.48926544189453
85.42413330078125
58.44322967529297
89.1860580444336
84.15472412109375
77.2148666381836
82.14521026611328
88.58014678955078
83.70958709716797
79.34538269042969
65.427734375
82.40611267089844
75.75257873535156
83.91635131835938
88.62333679199219
88.34445190429688
87.0657730102539
86.76222229003906
16.81659698486328
86.35736846923828
85.93858337402344
79.87998962402344
86.17385864257812
88.85903930664062
81.24395751953125
84.73725891113281
82.6604232788086
68.74267578125
84.6814193725586
86.61133575439453
55.00464630126953
76.2561264038086
76.29339599609375
88.46992492675781
88.69351959228516
77.90654754638672
77.15991973876953
88.52790832519531
70.31515502929688
85.0125503540039
73.8487319946289
81.84947967529297
79.53176879882812
86.7178955078125
88.5296630859375
80.71500396728516
57.323829650878906
82.1285400390625
89.69234466552734
74.94854736328125
63.51253890991211
88.43231201171875
89.17906951904297
89.51537322998047
89.70645141601562
88.75859832763672
88.97152709960938
88.08281707763672
82.7716064453125
89.46493530273438
89.21106719970703
89.84497833251953
89.68640899658203
79.22335815429688
83.80747985839844
86.766845703125
84.90520477294922
89.73784637451172
88.91317749023438
89.75363159179688
25.982004165649414
85.95612335205078
59.156070709228516
88.9968490600586
87.23452758789062
62.25812911987305
76.69633483886719
85.10566711425781
85.6258316040039
85.24679565429688
84.38919067382812
86.16417694091797
81.86353302001953
82.60929870605469
84.30687713623047
85.84697723388672
66.94514465332031
79.96136474609375
77.41273498535156
77.18450927734375
77.88046264648438
81.65812683105469
40.608924865722656
80.83329772949219
88.34122467041016
85.29046630859375
87.87570190429688
52.56889343261719
87.40277099609375
88.49569702148438
86.87677764892578
82.26029968261719
58.3465576171875
84.0173568725586
84.04450988769531
85.03661346435547
89.3628158569336
89.27381134033203
89.86955261230469
89.76459503173828
87.26404571533203
89.0992202758789
88.1720962524414
88.42822265625
89.33711242675781
89.49112701416016
89.1661605834961
88.98159790039062
77.51800537109375
73.5276870727539
56.668182373046875
54.52002716064453
52.310638427734375
78.7518539428711
54.10799789428711
62.40247344970703
86.30127716064453
88.51322174072266
86.27082824707031
86.28414154052734
81.15533447265625
71.46371459960938
65.79631805419922
76.10462188720703
85.15092468261719
84.24698638916016
83.33995056152344
81.39591217041016
87.24055480957031
85.80901336669922
85.98285675048828
88.36528015136719
81.77046203613281
77.31839752197266
80.2669448852539
79.51248931884766
83.6288833618164
23.795669555664062
82.53142547607422
73.1746826171875
88.5345458984375
80.38812255859375
87.96311950683594
78.4984130859375
88.19003295898438
87.9432373046875
88.85713958740234
88.2943115234375
88.65199279785156
81.1216049194336
75.6469955444336
81.14605712890625
70.65826416015625
79.5936508178711
76.45118713378906
87.65886688232422
83.75479125976562
65.8639144897461
62.257423400878906
52.7098503112793
85.51668548583984
76.97850036621094
57.60148239135742
68.95884704589844
77.58819580078125
89.09937286376953
87.50922393798828
87.7173843383789
89.17654418945312
78.53030395507812
81.12867736816406
87.62652587890625
85.47451782226562
75.09404754638672
66.38309478759766
56.66061019897461
69.77426147460938
86.7373275756836
83.09555053710938
82.7355728149414
84.98262786865234
69.78555297851562
77.65164184570312
84.61845397949219
78.15394592285156
46.38773727416992
39.89643859863281
88.0828628540039
83.90140533447266
84.62429809570312
87.65921783447266
65.32875061035156
78.50533294677734
33.22760772705078
84.952880859375
88.06072998046875
55.24195861816406
76.17369079589844
84.94107055664062
35.17121887207031
87.03775024414062
88.69688415527344
13.714767456054688
89.55580139160156
81.19322204589844
84.34110260009766
83.55889892578125
88.4531021118164
88.06352996826172
87.4169692993164
87.28116607666016
89.6578369140625
88.75415802001953
88.58406066894531
87.57085418701172
88.8676528930664
86.42650604248047
86.4616928100586
58.46954345703125
86.35811614990234
89.626953125
88.6408920288086
57.64274978637695
89.33523559570312
89.69905090332031
88.95574188232422
88.38035583496094
88.4154281616211
88.86127471923828
81.68978118896484
69.08036804199219
78.32086181640625
89.18577575683594
85.91593170166016
49.489593505859375
85.6293716430664
82.6468734741211
79.56938171386719
87.37772369384766
86.75523376464844
73.81534576416016
29.317520141601562
78.501708984375
83.09623718261719
83.09623718261719
88.24903869628906
79.4986343383789
79.4986343383789
81.91851043701172
81.91851043701172
26.73401641845703
88.64027404785156
72.21710205078125
87.60887908935547
87.60887908935547
85.95478057861328
78.02388000488281
87.51004791259766
89.59662628173828
47.02740478515625
73.37396240234375
47.7169075012207
84.5341796875
85.0557632446289
85.0557632446289
89.21965789794922
74.92920684814453
89.27540588378906
83.10936737060547
78.28466033935547
85.3049545288086
85.82864379882812
68.65953063964844
89.49787902832031
89.49787902832031
89.7729721069336
29.681106567382812
29.681106567382812
88.93234252929688
63.12206268310547
59.07826614379883
81.3537368774414
72.75173950195312
80.66238403320312
88.10905456542969
81.2575454711914
76.10607147216797
88.62297058105469
88.83765411376953
88.21720123291016
88.83765411376953
88.99971771240234
89.06867980957031
65.56829833984375
72.89846801757812
88.69198608398438
88.647216796875
89.8866195678711
89.8866195678711
81.83493041992188
89.52815246582031
81.83493041992188
79.15550231933594
62.07572937011719
42.25425338745117
80.97105407714844
80.97105407714844
75.24757385253906
87.61185455322266
72.4754638671875
78.75716400146484
89.3720474243164
79.07460021972656
79.07460021972656
82.37227630615234
73.57705688476562
67.68785095214844
67.36985778808594
75.38063049316406
81.3560562133789
74.97496795654297
89.00616455078125
85.86014556884766
75.21737670898438
75.47759246826172
84.43119812011719
79.65483093261719
48.70402908325195
88.90833282470703
32.743446350097656
89.48283386230469
87.5788345336914
79.90872955322266
88.2090072631836
67.9950180053711
67.9950180053711
85.68355560302734
89.6168441772461
60.88391876220703
85.35933685302734
83.61625671386719
87.27311706542969
85.84978485107422
85.84978485107422
89.38900756835938
54.00410461425781
54.00410461425781
77.91771697998047
89.80564880371094
66.8887939453125
72.29147338867188
72.29147338867188
88.21688079833984
51.507999420166016
81.45124053955078
89.21514892578125
88.74617767333984
89.4782943725586
89.71570587158203
83.76557159423828
83.76557159423828
71.02395629882812
87.64517974853516
88.91073608398438
88.91073608398438
83.32931518554688
79.65432739257812
89.06681060791016
79.65432739257812
88.9476547241211
48.96855926513672
75.17879486083984
56.40605163574219
56.40605163574219
56.40605163574219
83.9328842163086
83.9328842163086
83.9328842163086
87.98897552490234
88.44490051269531
87.85023498535156
87.55438995361328
88.19420623779297
59.094703674316406
41.911354064941406
85.78547668457031
82.94986724853516
69.34497833251953
58.08140563964844
86.78648376464844
84.93911743164062
84.93911743164062
88.353271484375
84.06836700439453
54.84147644042969
85.17430877685547
59.30495071411133
89.9208755493164
85.89449310302734
89.93006134033203
82.33992004394531
87.08866882324219
88.742919921875
42.55744934082031
81.49881744384766
81.49881744384766
62.7622184753418
81.63047790527344
35.159019470214844
57.14188766479492
70.82147979736328
80.74375915527344
42.380062103271484
76.94107055664062
61.538597106933594
67.77709197998047
68.93317413330078
87.58912658691406
77.2733154296875
73.7828598022461
62.63584518432617
84.1461410522461
79.23346710205078
78.05970001220703
82.87471771240234
87.7966537475586
42.664588928222656
77.97512817382812
73.98329162597656
77.32241821289062
59.123069763183594
24.443809509277344
42.37409210205078
33.402069091796875
62.921329498291016
81.26201629638672
68.48703002929688
69.02114868164062
45.89351272583008
33.839046478271484
46.935123443603516
77.82882690429688
87.55725860595703
67.35151672363281
73.65882110595703
76.2215576171875
40.997459411621094
82.18907928466797
37.325565338134766
84.48250579833984
77.43688201904297
77.85719299316406
70.63115692138672
61.81858444213867
74.63282775878906
83.13763427734375
87.58011627197266
65.92527770996094
83.84855651855469
57.51613998413086
75.13098907470703
51.58844757080078
54.983558654785156
52.829811096191406
68.48252868652344
56.35343933105469
39.87712097167969
85.45462799072266
85.97317504882812
73.09429931640625
74.10062408447266
35.73811340332031
44.68120574951172
82.00668334960938
72.53292083740234
76.6334228515625
67.39118957519531
49.20455551147461
82.18889617919922
74.0743179321289
76.78721618652344
58.795616149902344
68.94152069091797
45.53116226196289
62.51675033569336
56.381324768066406
65.01295471191406
78.88484191894531
60.2673454284668
60.01343536376953
37.451171875
60.52911376953125
68.92407989501953
66.33039093017578
39.676475524902344
78.30958557128906
87.75550842285156
56.56098556518555
86.15906524658203
72.24563598632812
73.77059173583984
73.33247375488281
70.52449798583984
72.72020721435547
53.335121154785156
39.29875946044922
76.02774810791016
54.27395248413086
29.441730499267578
61.228057861328125
73.81238555908203
71.69092559814453
73.75865936279297
82.64702606201172
75.4718017578125
38.71644592285156
89.16510009765625
68.83745574951172
76.78546142578125
79.390625
75.60790252685547
80.57972717285156
41.24486541748047
65.05453491210938
76.81268310546875
57.202552795410156
76.4023208618164
81.3549575805664
80.81327056884766
83.22156524658203
88.77869415283203
80.72968292236328
64.10576629638672
65.25071716308594
82.49243927001953
76.3206787109375
31.76457977294922
29.28121566772461
53.77640151977539
64.10297393798828
65.05387878417969
84.36295318603516
66.03760528564453
53.00700759887695
87.15013122558594
73.86325073242188
80.35343170166016
81.17757415771484
71.88761901855469
19.442779541015625
75.89331817626953
70.36714935302734
29.320417404174805
74.6611557006836
74.18296813964844
55.171119689941406
88.4715805053711
86.8592529296875
46.04772186279297
79.84151458740234
70.2663345336914
78.344970703125
52.370147705078125
68.28677368164062
78.51175689697266
76.8067626953125
73.00182342529297
81.00694274902344
71.85832977294922
60.925819396972656
28.742204666137695
75.58358764648438
87.98593139648438
87.49009704589844
85.995361328125
54.728336334228516
41.19744110107422
48.157859802246094
51.68870162963867
71.06319427490234
88.77171325683594
84.07209777832031
59.68797302246094
79.51746368408203
84.9108657836914
82.32059478759766
53.86400604248047
71.3125991821289
88.32755279541016
63.02553939819336
48.719295501708984
74.05017852783203
79.36128997802734
59.727394104003906
73.36335754394531
75.8850326538086
55.339256286621094
85.78975677490234
61.708858489990234
87.47559356689453
38.377620697021484
78.59327697753906
87.03618621826172
61.49996566772461
38.94785690307617
66.71410369873047
36.76834487915039
87.90019226074219
80.3934555053711
21.140092849731445
70.54208374023438
78.20307922363281
73.80366516113281
65.05696105957031
53.83610534667969
80.62138366699219
59.86955261230469
46.67448043823242
51.99561309814453
82.24359893798828
64.68889617919922
69.46051788330078
66.14056396484375
84.67435455322266
46.08823776245117
83.22129821777344
86.8543930053711
74.84103393554688
69.55950164794922
72.26019287109375
67.25059509277344
60.110557556152344
39.206764221191406
35.50701904296875
87.48849487304688
60.714385986328125
56.33130645751953
59.7856330871582
63.49106216430664
60.238136291503906
66.521484375
85.46295928955078
52.6398811340332
80.25993347167969
55.254615783691406
49.327632904052734
65.07476043701172
29.45745277404785
78.6219711303711
77.94888305664062
81.41323852539062
61.04143142700195
85.1932373046875
29.009532928466797
60.93818664550781
30.84761619567871
68.52845001220703
78.94268035888672
56.92109680175781
85.9788589477539
84.7197494506836
37.894203186035156
75.98696899414062
75.47317504882812
74.40825653076172
83.95450592041016
80.89054870605469
67.19634246826172
34.989410400390625
74.24488830566406
77.58973693847656
68.33314514160156
68.17497253417969
68.43853759765625
65.00272369384766
84.2131118774414
86.53666687011719
83.12051391601562
76.35774993896484
62.81596374511719
73.1866455078125
85.0833740234375
78.12862396240234
65.55110168457031
55.72126007080078
57.90223693847656
54.58629608154297
21.80342674255371
53.21459197998047
36.35722732543945
69.17949676513672
74.3039321899414
73.66460418701172
44.59980392456055
28.394771575927734
36.43724060058594
56.10333251953125
62.75298309326172
43.69439697265625
82.88006591796875
33.00092315673828
21.990680694580078
27.035667419433594
26.93253517150879
55.00086212158203
43.235511779785156
53.06874465942383
51.64821243286133
79.69547271728516
36.741554260253906
51.217628479003906
78.25133514404297
81.99811553955078
59.06040573120117
60.573333740234375
80.01219940185547
82.2931137084961
66.4264144897461
81.58119201660156
49.05214309692383
59.65810012817383
67.51718139648438
84.50309753417969
74.92315673828125
81.30044555664062
69.43834686279297
63.1229362487793
67.338623046875
81.44346618652344
83.91500854492188
84.81790161132812
52.5979118347168
45.32185363769531
78.9572525024414
62.61325454711914
88.65184020996094
52.304813385009766
59.25019073486328
83.7241439819336
76.32090759277344
71.54222106933594
53.07780456542969
50.660980224609375
76.57354736328125
31.960430145263672
75.75959014892578
55.89345932006836
79.66899108886719
68.03645324707031
87.72509765625
85.22631072998047
51.63416290283203
32.023902893066406
86.12743377685547
79.70137786865234
73.26626586914062
87.00535583496094
59.27682113647461
84.03655242919922
77.61956024169922
24.651456832885742
84.38831329345703
56.7755126953125
81.63543701171875
61.38286590576172
70.66658020019531
58.613502502441406
76.08130645751953
81.98506164550781
89.1736831665039
73.29900360107422
75.34467315673828
85.93921661376953
87.79933166503906
85.47535705566406
42.358734130859375
85.51728057861328
35.358062744140625
68.02772521972656
86.49087524414062
89.04019165039062
86.21585083007812
88.49533081054688
86.0809555053711
37.00334548950195
78.864501953125
89.08149719238281
83.29432678222656
86.20132446289062
69.8922119140625
36.98701477050781
67.37946319580078
79.99772644042969
34.53365707397461
67.53831481933594
68.65950775146484
66.43352508544922
73.58053588867188
61.45551681518555
88.27264404296875
84.702392578125
80.84475708007812
88.74422454833984
57.043487548828125
88.46575164794922
80.07782745361328
64.8021469116211
84.80296325683594
80.89535522460938
82.45701599121094
66.42140197753906
79.53560638427734
71.11947631835938
69.49618530273438
80.51375579833984
71.25110626220703
70.5961685180664
64.11052703857422
71.14954376220703
72.06156158447266
67.33438873291016
84.3044204711914
84.1993408203125
66.23741912841797
50.686763763427734
89.20864868164062
35.10129165649414
38.045166015625
74.37849426269531
35.63411331176758
70.4071044921875
62.04009246826172
47.077354431152344
77.90343475341797
76.3084716796875
80.01199340820312
68.38597869873047
66.7392349243164
77.86964416503906
66.83340454101562
50.162628173828125
42.0818977355957
47.89297866821289
79.89851379394531
71.36405944824219
83.52175903320312
88.32453155517578
51.83022689819336
60.82111740112305
57.70530319213867
28.81772232055664
72.5054702758789
28.4849796295166
42.5681266784668
43.08053970336914
46.618553161621094
83.45866394042969
46.087066650390625
48.23299789428711
77.93180847167969
73.89813995361328
42.33932113647461
78.2689437866211
41.602783203125
88.84371948242188
72.83080291748047
75.1681900024414
89.13970947265625
70.56127166748047
62.46345138549805
55.75811767578125
85.03955078125
59.28413009643555
49.37103271484375
62.953575134277344
45.44815444946289
62.89091110229492
68.465576171875
63.65291976928711
50.148651123046875
33.966670989990234
87.44944763183594
75.93282318115234
55.1809196472168
75.44226837158203
49.24344253540039
80.86144256591797
74.62088012695312
72.82392120361328
33.507022857666016
83.10676574707031
82.1994400024414
72.80106353759766
74.87945556640625
78.75662231445312
66.89024353027344
78.27577209472656
73.92308044433594
86.17381286621094
89.63788604736328
82.49417877197266
24.30426025390625
32.50700378417969
70.86570739746094
61.3458251953125
41.613243103027344
82.05231475830078
44.231178283691406
50.73677062988281
54.029991149902344
52.704132080078125
84.8419418334961
83.74565887451172
84.12883758544922
55.36897659301758
76.03839111328125
73.48872375488281
74.44861602783203
66.91651153564453
73.48270416259766
39.69021224975586
86.01895141601562
72.88440704345703
62.13284683227539
69.12004089355469
35.000396728515625
72.76204681396484
81.5191650390625
61.50162124633789
79.64742279052734
63.79838943481445
78.68177795410156
68.09516143798828
74.94982147216797
79.45458984375
26.40545654296875
81.13821411132812
77.1476058959961
56.53156280517578
48.98316955566406
65.08489990234375
33.995609283447266
43.95005798339844
22.54899024963379
52.55805206298828
60.34966278076172
64.40064239501953
77.53180694580078
71.15360260009766
31.656579971313477
27.484176635742188
33.56433868408203
36.245361328125
34.59040832519531
61.859130859375
70.47267150878906
83.25900268554688
59.93115997314453
77.14529418945312
65.85281372070312
50.69928741455078
67.72223663330078
74.93297576904297
53.54999542236328
75.40931701660156
74.43894958496094
82.5404281616211
52.22023391723633
75.0490951538086
86.78840637207031
39.5029411315918
81.34010314941406
80.60540008544922
62.856605529785156
26.43379783630371
62.400699615478516
54.71299743652344
64.60466003417969
63.31345748901367
48.91210174560547
78.1683120727539
77.99723052978516
74.82088470458984
68.96505737304688
81.30299377441406
63.6642951965332
46.972206115722656
42.94895935058594
27.422840118408203
78.49022674560547
79.18509674072266
67.38278198242188
39.57503128051758
70.19441223144531
80.97087097167969
61.818336486816406
83.36981964111328
50.44438934326172
38.480342864990234
50.658424377441406
71.44539642333984
76.07170104980469
77.34111022949219
80.05547332763672
60.058040618896484
62.56184768676758
47.03905487060547
62.19438552856445
69.45006561279297
75.54460144042969
52.118831634521484
63.7835693359375
77.56417083740234
68.89704132080078
84.50552368164062
62.31254577636719
76.1269302368164
55.17713928222656
79.8450698852539
52.764854431152344
75.74360656738281
54.7100944519043
47.076759338378906
58.966617584228516
79.40270233154297
74.4533920288086
54.790565490722656
75.9294662475586
53.24566650390625
82.20684051513672
69.88801574707031
86.18150329589844
63.099002838134766
74.3390884399414
49.69415283203125
87.17069244384766
86.82400512695312
46.94731903076172
60.017757415771484
56.09099578857422
76.7579574584961
77.91546630859375
51.19367980957031
78.68374633789062
74.97586822509766
64.24822998046875
74.10435485839844
74.86962890625
77.37199401855469
78.59042358398438
67.75757598876953
65.1096420288086
63.548248291015625
65.73634338378906
64.582763671875
83.24981689453125
63.64573287963867
82.89033508300781
85.54014587402344
36.43386459350586
67.58057403564453
54.45029830932617
80.35546875
71.85089111328125
77.7750473022461
70.13729858398438
62.533905029296875
53.61900329589844
60.462425231933594
80.07069396972656
87.72552490234375
74.11931610107422
78.19194793701172
85.20706176757812
88.9030532836914
87.94215393066406
86.8973388671875
75.4517822265625
87.77141571044922
85.3941879272461
87.95098876953125
79.77415466308594
87.7099609375
88.73734283447266
87.81336212158203
80.15193176269531
81.19715881347656
88.1561279296875
87.72115325927734
88.6136703491211
88.7927017211914
85.96464538574219
73.31929779052734
86.13720703125
82.21094512939453
85.9940185546875
85.005615234375
86.72489929199219
87.97193908691406
85.8373794555664
83.96461486816406
86.41057586669922
86.02539825439453
86.24954223632812
87.79903411865234
86.34693145751953
82.50556945800781
85.57489013671875
78.10281372070312
81.09850311279297
65.94424438476562
86.05795288085938
87.70552825927734
84.54759216308594
83.32886505126953
89.34046936035156
86.45763397216797
76.18339538574219
84.44438171386719
86.27197265625
88.42797088623047
82.68680572509766
88.19623565673828
87.3701400756836
87.57537841796875
88.9746322631836
86.16541290283203
84.15052795410156
84.63838958740234
85.84884643554688
85.16960906982422
84.89965057373047
83.15299224853516
85.99830627441406
77.47900390625
83.91487121582031
82.8547134399414
84.93557739257812
58.72275161743164
86.92581939697266
85.80282592773438
84.53730010986328
70.77027893066406
85.42304229736328
87.4045639038086
81.86809539794922
81.52902221679688
86.03962707519531
80.83406066894531
86.89061737060547
81.02854919433594
86.68049621582031
88.08544921875
87.1885986328125
88.65576934814453
87.87210845947266
86.32037353515625
87.40971374511719
79.30738067626953
67.66753387451172
84.0497817993164
72.05711364746094
83.88573455810547
82.42160034179688
81.08470153808594
79.89248657226562
84.4796142578125
87.17289733886719
81.34693145751953
86.08301544189453
84.1196060180664
87.25544738769531
87.77235412597656
83.74356842041016
85.31166076660156
86.1314468383789
75.96714782714844
86.52373504638672
86.33189392089844
85.15269470214844
86.70446014404297
84.90196990966797
85.99185180664062
85.92960357666016
86.3978500366211
86.99439239501953
84.96089935302734
87.60543823242188
87.70358276367188
82.75438690185547
88.54137420654297
89.11923217773438
86.11203002929688
86.79549407958984
86.16230010986328
84.13211059570312
84.78179931640625
87.80061340332031
84.17071533203125
87.02313995361328
85.55707550048828
85.53843688964844
83.76697540283203
87.32579803466797
84.4416275024414
86.48885345458984
87.13754272460938
84.97013854980469
84.83930206298828
84.62427520751953
83.4031982421875
85.84632110595703
83.87699890136719
88.02721405029297
75.73070526123047
87.18383026123047
84.87732696533203
85.80894470214844
88.96127319335938
83.03697204589844
77.75321197509766
79.35040283203125
61.47145462036133
79.32405090332031
63.861671447753906
88.24738311767578
89.61995697021484
87.4240493774414
89.15751647949219
89.04684448242188
89.08123016357422
89.30998992919922
87.75987243652344
89.60601043701172
89.58415222167969
89.5885238647461
89.3050765991211
89.33686065673828
89.60143280029297
89.72543334960938
89.45689392089844
89.15151977539062
89.40030670166016
89.46955871582031
89.57306671142578
87.9781265258789
89.43856048583984
88.22647857666016
89.74498748779297
89.62979888916016
88.85934448242188
89.31880950927734
87.88787841796875
89.6741714477539
89.40855407714844
89.33768463134766
89.54314422607422
88.12389373779297
89.22505187988281
89.13163757324219
89.4493179321289
87.8712387084961
89.27840423583984
89.7752685546875
89.21110534667969
89.67324829101562
89.20085906982422
89.40533447265625
89.6842041015625
89.61304473876953
87.60291290283203
89.25655364990234
89.69227600097656
88.60569763183594
88.12605285644531
88.90555572509766
87.76184844970703
88.3864517211914
88.98844909667969
87.89068603515625
87.45664978027344
89.64913940429688
89.2302474975586
89.4611587524414
87.96134948730469
89.04397583007812
89.4366683959961
89.45585632324219
88.03325653076172
88.13592529296875
88.23529815673828
87.47792053222656
88.85002899169922
87.1494369506836
88.49383544921875
88.21479034423828
89.59416198730469
88.59806060791016
89.42633056640625
88.39064025878906
89.03275299072266
89.37513732910156
89.04177856445312
89.68901824951172
89.49466705322266
89.58721923828125
89.06158447265625
89.70341491699219
89.57121276855469
89.79054260253906
89.31766510009766
89.76712799072266
89.32994079589844
89.36831665039062
89.21817779541016
89.52715301513672
88.822021484375
89.231689453125
89.49771118164062
89.2913818359375
89.12779235839844
89.59735107421875
87.84425354003906
89.5031967163086
89.42229461669922
89.78307342529297
89.56808471679688
89.6360855102539
88.29961395263672
89.44510650634766
89.56122589111328
84.29092407226562
87.62498474121094
89.151123046875
89.54096984863281
86.11829376220703
89.874267578125
89.87472534179688
89.50970458984375
89.21046447753906
89.8712158203125
88.62847900390625
89.7152099609375
87.69548034667969
83.98023223876953
88.81341552734375
88.30438232421875
84.03466796875
89.52410125732422
88.22491455078125
88.04927062988281
89.62043762207031
85.72257232666016
87.2176513671875
88.25394439697266
84.13520812988281
87.0452880859375
89.27011108398438
86.292724609375
88.08431243896484
86.21211242675781
88.39107513427734
85.47290802001953
87.02430725097656
88.5823974609375
88.31995391845703
87.09814453125
88.55696868896484
89.12871551513672
89.45040130615234
89.18455505371094
89.65776824951172
89.80529022216797
89.30899047851562
89.66498565673828
89.68824005126953
89.21981811523438
89.53585815429688
89.43698120117188
89.7470703125
89.08068084716797
88.6517333984375
87.82048034667969
89.70758819580078
89.88519287109375
89.66896057128906
89.80555725097656
89.67911529541016
88.57896423339844
89.83834838867188
89.72455596923828
89.32584381103516
88.76298522949219
89.29969024658203
89.75599670410156
89.54443359375
89.40924835205078
89.70631408691406
89.6844253540039
89.842529296875
89.22159576416016
89.68022918701172
85.69497680664062
89.80265808105469
89.71759033203125
89.24445343017578
89.81134033203125
89.4423599243164
89.52212524414062
89.62692260742188
89.81816101074219
89.37678527832031
89.07795715332031
89.36212921142578
89.82533264160156
89.52169036865234
89.62812805175781
89.83968353271484
89.54830169677734
89.11660766601562
89.0276870727539
89.46868896484375
89.32319641113281
88.36941528320312
88.99707794189453
89.6272964477539
89.11949920654297
88.73240661621094
89.07270812988281
87.55791473388672
88.79669952392578
89.00665283203125
89.73971557617188
89.3648452758789
89.70359802246094
88.64938354492188
89.80690002441406
89.11346435546875
89.22179412841797
89.19876861572266
89.67904663085938
88.95755767822266
88.44091796875
89.73760986328125
89.7329330444336
89.38467407226562
89.56828308105469
89.66542053222656
89.086669921875
89.72132873535156
87.8392105102539
89.7570571899414
89.80733489990234
88.90800476074219
89.13941955566406
88.2567367553711
89.75326538085938
87.96484375
87.78388977050781
88.65776062011719
88.97410583496094
84.67056274414062
89.04978942871094
87.85135650634766
87.77812957763672
89.10135650634766
87.34164428710938
87.64830017089844
89.26110076904297
88.99420166015625
88.0195083618164
89.6147689819336
89.80473327636719
89.42933654785156
89.9120101928711
88.52430725097656
89.7313003540039
89.61636352539062
88.57382202148438
88.9505615234375
89.33378601074219
89.7820816040039
89.17704010009766
88.964599609375
89.30144500732422
88.0916976928711
88.20696258544922
89.21846008300781
88.66583251953125
88.19824981689453
89.6601333618164
89.75858306884766
88.60472106933594
89.77899169921875
89.88516235351562
89.50363159179688
89.31578063964844
88.08690643310547
79.10395812988281
87.61431121826172
87.49327087402344
89.56195831298828
87.84513854980469
89.51239013671875
88.17216491699219
88.01741027832031
89.33160400390625
89.07539367675781
89.61467742919922
88.2289047241211
88.34050750732422
89.15986633300781
89.82764434814453
89.11946105957031
87.90279388427734
89.2441635131836
89.58218383789062
89.43266296386719
87.6595230102539
89.26535034179688
86.7000961303711
88.60823822021484
87.9539794921875
88.60163116455078
88.06275177001953
89.60249328613281
85.41661834716797
89.67584991455078
89.80979919433594
89.72710418701172
86.68257141113281
89.12080383300781
88.54255676269531
88.19776916503906
88.66619873046875
88.69696044921875
88.79350280761719
85.85173034667969
89.011474609375
87.20048522949219
87.95184326171875
85.80370330810547
86.86785125732422
89.39379119873047
88.30176544189453
88.15386962890625
87.04309844970703
88.0982666015625
87.54898834228516
89.4046630859375
87.1268539428711
89.01041412353516
88.00928497314453
89.34135437011719
88.96806335449219
87.93708038330078
88.5755844116211
89.20506286621094
88.12869262695312
89.81492614746094
85.5147476196289
87.68927001953125
88.404052734375
88.97856140136719
87.22401428222656
89.11940002441406
88.96520233154297
88.67403411865234
89.39850616455078
88.11965942382812
89.60457611083984
88.15022277832031
88.9075927734375
88.71038055419922
87.62540435791016
88.55484771728516
89.330078125
86.6723861694336
89.09720611572266
86.72439575195312
88.17953491210938
89.34931945800781
89.94172668457031
88.57366180419922
87.41490173339844
88.39524841308594
86.71424865722656
88.55035400390625
89.63207244873047
87.07684326171875
89.17766571044922
89.17618560791016
89.82405853271484
88.92247009277344
89.47651672363281
88.16580200195312
89.12715911865234
88.4304428100586
88.69265747070312
89.43633270263672
88.99197387695312
88.49055480957031
88.97732543945312
88.41871643066406
87.47294616699219
88.49264526367188
88.38443756103516
88.56376647949219
88.3345718383789
89.7835693359375
88.80176544189453
89.1637954711914
89.06896209716797
88.76143646240234
88.20171356201172
88.1812973022461
88.53954315185547
89.61766815185547
89.67152404785156
89.82838439941406
89.79116821289062
89.79703521728516
89.13240051269531
89.27206420898438
87.56090545654297
89.81123352050781
89.43894958496094
89.69249725341797
89.2576675415039
89.70417022705078
89.8437271118164
89.79953002929688
89.5545654296875
89.79417419433594
89.48491668701172
88.88388061523438
86.69725799560547
89.64048767089844
88.27784729003906
89.03571319580078
86.41097259521484
88.59168243408203
89.32286071777344
89.12140655517578
89.37091827392578
88.91797637939453
89.45844268798828
89.33992004394531
88.60629272460938
87.50957489013672
89.35232543945312
89.72761535644531
87.19361877441406
87.6339111328125
88.41377258300781
89.56013488769531
89.65933990478516
89.02364349365234
87.64446258544922
89.25648498535156
89.82215118408203
88.3166732788086
89.32870483398438
87.18319702148438
89.72327423095703
89.15257263183594
89.37812042236328
87.05274200439453
88.69893646240234
88.17063903808594
88.8729019165039
89.32588958740234
89.4417495727539
89.48011779785156
89.26112365722656
88.16737365722656
89.36528015136719
82.49150848388672
88.87377166748047
87.97909545898438
89.54241943359375
89.2009048461914
89.283447265625
80.54720306396484
89.5805435180664
88.42485046386719
89.25492095947266
85.24755859375
89.02273559570312
87.47880554199219
89.61343383789062
86.20205688476562
89.47798919677734
82.71929168701172
89.54198455810547
87.32494354248047
89.62421417236328
87.8878173828125
89.56124114990234
88.20161437988281
89.13825988769531
88.17913055419922
87.90475463867188
89.05638122558594
87.8646240234375
89.71332550048828
89.21437072753906
89.5295639038086
89.35734558105469
89.81431579589844
89.7513198852539
89.44230651855469
89.75386810302734
89.22693634033203
89.71742248535156
89.53964233398438
87.31523895263672
89.44901275634766
88.8791732788086
89.19721984863281
89.3665542602539
89.55524444580078
88.10602569580078
89.0478286743164
87.69815063476562
89.29141235351562
89.6799087524414
89.45319366455078
89.74818420410156
88.0024185180664
86.35752868652344
87.50257110595703
88.54471588134766
88.7392578125
89.09076690673828
89.74825286865234
89.6212387084961
86.46405029296875
89.56607818603516
89.23078155517578
89.30847930908203
89.03024291992188
88.57799530029297
88.54463958740234
89.66695404052734
87.08990478515625
88.14234924316406
89.61892700195312
89.60913848876953
89.84294891357422
86.55315399169922
89.58900451660156
88.25917053222656
89.63933563232422
89.78093719482422
89.72173309326172
89.2762451171875
89.63594055175781
89.31802368164062
89.71942901611328
89.23016357421875
89.82842254638672
89.45928192138672
89.38619995117188
89.50806427001953
88.96231079101562
89.01737213134766
89.30909729003906
89.61396789550781
88.8626480102539
88.87294006347656
88.691162109375
88.94422912597656
89.3951416015625
88.68792724609375
89.32131958007812
88.97754669189453
84.41686248779297
88.74811553955078
87.75707244873047
86.77986907958984
88.55215454101562
85.43781280517578
88.31316375732422
89.58552551269531
89.42295837402344
88.9205322265625
87.2258071899414
89.091552734375
86.99144744873047
89.703857421875
89.0083999633789
89.21481323242188
89.6926498413086
85.7853775024414
87.63377380371094
89.45135498046875
87.96897888183594
89.21142578125
88.63115692138672
79.98439025878906
89.27378845214844
87.5274429321289
88.36967468261719
88.36129760742188
89.48741912841797
89.66043090820312
89.14888763427734
89.18077850341797
89.24440002441406
89.1651382446289
84.66609954833984
89.11631774902344
89.76886749267578
82.85978698730469
89.6499252319336
88.21231842041016
88.41288757324219
88.63611602783203
89.71269989013672
89.58094024658203
89.8173599243164
87.75340270996094
89.35664367675781
88.2978515625
88.71649169921875
88.92146301269531
82.7749252319336
86.10235595703125
87.9671630859375
86.11175537109375
88.87691497802734
88.4654769897461
89.32158660888672
88.6855697631836
88.82862091064453
88.87397766113281
89.6814956665039
89.68411254882812
88.10042572021484
89.03118133544922
88.85546112060547
87.91526794433594
88.7610092163086
88.91431427001953
89.00672149658203
88.89716339111328
88.62236785888672
86.81072235107422
86.71444702148438
88.90272521972656
88.23854064941406
88.03113555908203
89.03313446044922
89.04324340820312
83.44300842285156
89.0553970336914
88.21969604492188
88.83432006835938
88.10017395019531
77.91464233398438
89.5474853515625
86.77568054199219
88.60237121582031
87.70252227783203
88.20459747314453
86.03739929199219
85.96450805664062
89.16971588134766
89.43994140625
88.49415588378906
89.22023010253906
88.38480377197266
87.96607971191406
87.9112319946289
88.68243408203125
89.66976165771484
88.00861358642578
88.58909606933594
83.68447875976562
88.81120300292969
88.72974395751953
89.14569854736328
88.588623046875
88.84918212890625
89.4660415649414
88.8954849243164
88.95976257324219
89.033447265625
89.39009857177734
89.0787353515625
89.29865264892578
81.23733520507812
88.77687072753906
88.30573272705078
87.91516876220703
88.91133117675781
89.00174713134766
89.26736450195312
87.65581512451172
88.8225326538086
87.7001724243164
89.10804748535156
88.10394287109375
89.02735137939453
87.31816864013672
88.49297332763672
89.00086975097656
89.66754150390625
88.82362365722656
89.8148422241211
89.16410827636719
89.56034088134766
89.30681610107422
88.40397644042969
87.68387603759766
86.17937469482422
88.09822082519531
89.26713562011719
89.05013275146484
89.59917449951172
89.11676025390625
89.45011138916016
88.6393814086914
89.30530548095703
89.6332015991211
88.92779541015625
89.43455505371094
88.75502014160156
89.70333862304688
89.14242553710938
89.36176300048828
88.69658660888672
89.11788940429688
86.76191711425781
88.92739868164062
88.13677978515625
87.94171142578125
87.84709930419922
89.05792236328125
88.39925384521484
89.12947845458984
87.2494888305664
87.53534698486328
89.10292053222656
88.66629791259766
89.52945709228516
88.15572357177734
88.58209991455078
88.53388214111328
89.55728912353516
88.16651916503906
88.1344223022461
89.22007751464844
88.45027160644531
89.62625122070312
89.43263244628906
87.31085968017578
81.8056869506836
88.38562774658203
80.68678283691406
88.313720703125
89.43330383300781
87.27586364746094
88.86797332763672
88.28644561767578
89.07893371582031
88.73355865478516
89.12128448486328
88.25489044189453
88.82836151123047
87.84249877929688
88.50711822509766
88.51301574707031
87.64808654785156
87.36516571044922
88.69893646240234
87.45182037353516
88.76347351074219
89.52484893798828
87.5272216796875
89.49244689941406
88.7183609008789
87.63207244873047
89.64103698730469
89.54570770263672
88.1001205444336
89.35885620117188
88.73939514160156
88.93681335449219
88.77653503417969
86.7241439819336
89.49835205078125
89.49557495117188
89.16351318359375
88.49172973632812
87.68370056152344
89.40604400634766
87.8730697631836
86.79521942138672
88.1532974243164
89.42095947265625
89.11669921875
89.48301696777344
89.28419494628906
89.22032165527344
89.26979064941406
89.47335052490234
89.26428985595703
89.24574279785156
89.65335083007812
89.40381622314453
89.62069702148438
88.4969253540039
88.79686737060547
87.91356658935547
89.35894775390625
88.38814544677734
88.55928039550781
89.71470642089844
89.15538787841797
89.7322769165039
89.5833969116211
89.7105941772461
89.73561096191406
89.27664947509766
89.64649963378906
89.29757690429688
89.83786010742188
89.2182388305664
89.04718017578125
88.70527648925781
89.70600128173828
86.6221923828125
88.66397094726562
89.66387939453125
89.7884750366211
89.63420104980469
89.39986419677734
88.74466705322266
87.8213119506836
89.380859375
86.97056579589844
87.6702880859375
89.34889221191406
89.00108337402344
89.1137466430664
89.75320434570312
89.37825775146484
89.1064453125
88.20712280273438
89.80045318603516
89.07062530517578
89.87031555175781
88.93148040771484
89.88044738769531
89.28475189208984
89.61610412597656
89.80367279052734
88.40193939208984
89.42021942138672
89.52379608154297
89.72210693359375
88.53433227539062
89.07213592529297
88.9910888671875
89.92218017578125
89.62541961669922
89.52091217041016
89.33515930175781
89.5728759765625
89.03768157958984
89.78334045410156
82.11666870117188
88.86991882324219
87.7130355834961
87.9218521118164
89.5235824584961
88.76725006103516
89.75706481933594
88.56558990478516
87.74549102783203
88.21509552001953
82.28471374511719
88.28057098388672
83.13797760009766
86.82682800292969
86.77606964111328
86.46114349365234
89.65460205078125
85.01188659667969
77.51409912109375
89.25298309326172
87.9318618774414
83.39911651611328
88.07984924316406
88.1901626586914
88.0428237915039
85.00718688964844
88.70826721191406
87.43888092041016
87.54338073730469
89.21385192871094
88.8399658203125
84.05447387695312
88.87259674072266
87.97393798828125
89.46621704101562
88.80599975585938
86.7017822265625
88.87506103515625
89.11409759521484
89.89496612548828
89.44007873535156
88.19779968261719
89.70589447021484
88.65585327148438
89.78618621826172
89.57354736328125
89.6019287109375
89.14810180664062
86.29419708251953
89.0901870727539
89.60360717773438
89.62377166748047
87.21114349365234
89.2778091430664
88.4971694946289
76.8753890991211
81.00892639160156
88.40927124023438
88.59455871582031
88.54039001464844
87.08521270751953
81.97669219970703
88.62764739990234
81.04576873779297
87.8912124633789
73.82121276855469
87.45134735107422
87.97679901123047
83.34956359863281
87.81221771240234
74.76299285888672
85.16690826416016
79.8145523071289
88.23764038085938
83.45340728759766
87.05982971191406
78.66775512695312
81.07376098632812
87.41846466064453
86.97765350341797
85.53997039794922
84.30165100097656
86.76537322998047
85.17117309570312
87.780517578125
85.62643432617188
81.99673461914062
80.65294647216797
87.2184066772461
86.85401153564453
88.75726318359375
80.43888854980469
84.52500915527344
86.74104309082031
87.08433532714844
88.00285339355469
87.20219421386719
65.43818664550781
84.8932113647461
82.20822143554688
88.16612243652344
84.63799285888672
79.42886352539062
76.06973266601562
88.1108169555664
82.84014892578125
77.4022216796875
88.51526641845703
77.54196166992188
87.23372650146484
74.74085998535156
81.3526611328125
74.8136978149414
86.23058319091797
74.52587890625
80.60724639892578
86.42741394042969
65.7370376586914
69.79031372070312
85.5389175415039
80.31060791015625
77.0062484741211
77.86767578125
81.95154571533203
82.89368438720703
83.49386596679688
87.83116149902344
84.07124328613281
76.07752990722656
80.51535034179688
82.61720275878906
75.47217559814453
87.76779174804688
84.74024963378906
81.55448150634766
69.94871520996094
79.82090759277344
85.20156860351562
68.814208984375
78.74048614501953
71.13453674316406
85.98147583007812
80.47126007080078
77.59993743896484
79.392578125
85.39523315429688
82.61127471923828
70.19876098632812
83.8463134765625
77.97801971435547
78.34193420410156
82.17549133300781
84.00234985351562
82.14604187011719
75.38298797607422
80.52781677246094
82.562255859375
83.48516845703125
79.45160675048828
75.61628723144531
85.00602722167969
80.66105651855469
75.81086730957031
83.68082427978516
81.25738525390625
74.55751037597656
83.00682067871094
85.6005630493164
87.70630645751953
81.23260498046875
71.9604263305664
87.47837829589844
84.2901611328125
74.37206268310547
89.37408447265625
85.49823760986328
88.2573471069336
86.48749542236328
88.30384063720703
85.78008270263672
86.53608703613281
81.07833862304688
86.60272216796875
89.56806182861328
86.84618377685547
87.655029296875
81.47967529296875
85.9505386352539
84.63445281982422
88.16302490234375
85.4544448852539
83.64351654052734
83.59823608398438
87.708251953125
88.02847290039062
89.51399993896484
86.13257598876953
88.4043197631836
89.28062438964844
89.22224426269531
87.7630844116211
87.6089859008789
88.00663757324219
87.7693099975586
88.64199829101562
87.69644927978516
89.65262603759766
89.10049438476562
89.3967514038086
89.1931381225586
87.6982421875
85.39494323730469
87.63533020019531
88.9758071899414
88.00739288330078
87.98876953125
88.34003448486328
88.92501831054688
84.27157592773438
86.50025939941406
89.13349151611328
88.5578384399414
89.17334747314453
89.1554183959961
88.15264129638672
87.1026840209961
89.05252075195312
87.51277923583984
89.458984375
88.30670928955078
83.50708770751953
88.45618438720703
89.03779602050781
89.27896118164062
88.02083587646484
88.30683898925781
88.56880187988281
86.54972076416016
89.24330139160156
88.54191589355469
89.30714416503906
89.01039123535156
89.32870483398438
89.30179595947266
88.62645721435547
89.34687805175781
85.60742950439453
88.3688735961914
88.99918365478516
86.89604949951172
78.7938461303711
89.73306274414062
89.83264923095703
88.6632308959961
88.81372833251953
89.60716247558594
89.02650451660156
89.76091003417969
88.98210144042969
88.9297103881836
89.06602478027344
89.11589813232422
88.3647232055664
87.73312377929688
85.91792297363281
87.780029296875
86.845703125
87.62542724609375
88.40416717529297
88.15129089355469
87.95352172851562
85.28215789794922
85.19396209716797
83.52762603759766
86.93600463867188
87.10598754882812
86.66558074951172
88.45038604736328
85.55355072021484
87.60829162597656
82.97370147705078
87.30140686035156
83.29459381103516
87.71395111083984
88.92660522460938
85.69432830810547
87.35218048095703
79.91197967529297
88.83716583251953
88.71051025390625
79.78071594238281
86.0052261352539
87.75716400146484
88.20719146728516
85.48480224609375
88.09156799316406
87.8320083618164
88.56748962402344
85.80717468261719
87.72272491455078
84.8953628540039
88.7136459350586
85.17591857910156
86.20140838623047
85.61800384521484
87.22559356689453
85.18794250488281
89.23202514648438
88.90006256103516
87.73638153076172
85.34567260742188
88.58770751953125
88.56928253173828
86.2531509399414
86.942626953125
84.79658508300781
88.22441864013672
82.29650115966797
79.9215316772461
82.8677749633789
86.69245147705078
88.71710968017578
88.27024841308594
86.53206634521484
80.8592758178711
84.54147338867188
87.4073715209961
87.25555419921875
87.55236053466797
88.7273178100586
84.1469955444336
87.5688247680664
87.51341247558594
87.44312286376953
86.57416534423828
86.27094268798828
85.23204040527344
89.17546081542969
87.71925354003906
82.71206665039062
84.96428680419922
87.30160522460938
83.1839828491211
85.2515869140625
88.21981811523438
87.2734603881836
87.40192413330078
87.127685546875
86.41553497314453
89.45838928222656
88.84191131591797
88.88276672363281
88.36817932128906
85.99851989746094
80.96664428710938
88.03667449951172
86.8947982788086
88.0890121459961
88.87223052978516
87.79837036132812
84.14379119873047
81.2825927734375
